canonical_id,source_db,execution_mode,condition_id,slug,strategy_cohort,side,entry_timestamp,entry_price,stake_usd,shares,fee_usd,settlement_result,realized_net_pnl_usd,wallet_source,notes
LIVE_cmt9t6md604jzqe0u61kokcrg,polymarket-bot.sqlite,LIVE_ONCHAIN,0x9c53ba523413cc5f1e9d635f66e92e2e5841baa34ecd4269e372b2adb963775b,ucl-cel1-sba-2026-08-26-sba,SOCCER_3WAY_BACK_YES,BUY,1787731511.227,0.721,6.53,9.0,0.1890000000000001,WIN,2.511,0x6d3c5bd13984b2de47c3a88ddc455309aab3d294,Live on-chain executed order
LIVE_cmta6ib4j0bbhqeojug11yay4,polymarket-bot.sqlite,LIVE_ONCHAIN,0x8be360b0463ec8f8ae38aaad8b082d3575af540357b1fd370d84456f40ff7fb8,atp-mena-wehnelt-2026-08-26,TENNIS_ATP_MONEYLINE,BUY,1787753891.54,0.6482536217503473,10.0,15.241934,0.35215,WIN,5.539784000000001,0x1b47e9b128e6b671edebfb2cac23dd3efc40d814,Live on-chain executed order
LIVE_cmta76fam0bojqeoj5clstcsl,polymarket-bot.sqlite,LIVE_ONCHAIN,0x1fceb7b49ecbf339e3a3c85b168d4e666e0c689dc7864b19804b29d462def230,atp-gaubas-cecchin-2026-08-26,TENNIS_ATP_MONEYLINE,BUY,1787755016.686,0.70176,7.030000000000001,10.0,0.2176,WIN,2.982399999999999,0x6d3c5bd13984b2de47c3a88ddc455309aab3d294,Live on-chain executed order
LIVE_cmtbbi7su2ej0qeoj6xrofdxd,polymarket-bot.sqlite,LIVE_ONCHAIN,3142979,will-luke-herdegen-win-the-2026-secret-harbour-state-by-election-20260727232510802,POLITICS_AND_MACRO,BUY,1787822751.486,0.75924,10.0,13.0,0.2501200000000001,LOSS,-9.87012,STRATEGY:political_favorites,Live on-chain executed order
LIVE_cmtffjo79a9s9qeoj7pjnhnvr,polymarket-bot.sqlite,LIVE_ONCHAIN,0x2edb3bb37ea0efa47dcd342c6dba9600382672bfbaa96a7391154a1dc21610e7,atp-park-isomura-2026-08-30,TENNIS_ATP_MONEYLINE,BUY,1788071402.565,0.64356,6.81,10.0,0.2356,WIN,3.5644,0x1610db79f753a80207e1d66716be9e91e627ae49,Live on-chain executed order
LIVE_cmtfskl14az74qeoj2lvjkvqx,polymarket-bot.sqlite,LIVE_ONCHAIN,0xd0a4f942ec9f32835504186bcaaf3aae835974283e8e8ee796aa8228025d5a6c,atp-lehecka-busta-2026-08-30-set-handicap-home-1pt5,TENNIS_SPREADS_HANDICAPS,BUY,1788093280.12,0.64356,6.71,10.0,0.2356,WIN,3.5644,0xbfdd2fb3f69cd098b395eb7390fe973a2158e70e,Live on-chain executed order
VAULT_pos_FAVORITES_COPY_72462685_1787593565916,alpha_vault_portfolio.db,PAPER_VAULT,0x5c18894c248d5d295c0a6c614d811c2f3bdf13f523356d6cead1029a22a1cabf,atp-ivanov-penisto-2026-08-24,TENNIS_ATP_MONEYLINE,YES,1787593565.9163365,0.68,50.0,72.3715,0.7874,WIN,22.3715,FAVORITES_COPY,Alpha Vault lane: FAVORITES_COPY
VAULT_pos_FAVORITES_COPY_10162797_1787597163728,alpha_vault_portfolio.db,PAPER_VAULT,0x0189515f3f8d01a3cf6a7eee01b2f8414b4be8ec8241143d2a33bf1c819eac7f,atp-jones-svajd-2026-08-24,TENNIS_ATP_MONEYLINE,YES,1787597163.7283692,0.58,50.0,84.4338,1.0284,WIN,34.4338,FAVORITES_COPY,Alpha Vault lane: FAVORITES_COPY
VAULT_pos_FAVORITES_COPY_85146083_1787603759519,alpha_vault_portfolio.db,PAPER_VAULT,0x2ee7d436ec3c397799babb4ec656d063dc357c9a548d89f098592cf71673a3a8,bitcoin-up-or-down-august-24-2026-4pm-et,CRYPTO_HOURLY_LATE_CLOSE,YES,1787603759.5196252,0.33,50.0,144.7274,2.2399,WIN,94.7274,FAVORITES_COPY,Alpha Vault lane: FAVORITES_COPY
VAULT_pos_FAVORITES_COPY_11048204_1787605565556,alpha_vault_portfolio.db,PAPER_VAULT,0x9f6807d1c643ee930b873410ff1950efc24db14c112fd5db16d3ce20b69c30e1,mlb-tex-cws-2026-08-24,BASEBALL_MONEYLINE,YES,1787605565.5561714,0.56,50.0,87.3637,1.0763,WIN,37.3637,FAVORITES_COPY,Alpha Vault lane: FAVORITES_COPY
VAULT_pos_FAVORITES_COPY_91346187_1787610073507,alpha_vault_portfolio.db,PAPER_VAULT,0x20e102eac0aa751682b9b40d70883a3efdf7279f24c7f4e0e6b037e455bce061,wta-parry-vekic-2026-08-24,TENNIS_WTA_MONEYLINE,YES,1787610073.5070732,0.58,50.0,84.4338,1.0284,WIN,34.4338,FAVORITES_COPY,Alpha Vault lane: FAVORITES_COPY
VAULT_pos_FAVORITES_COPY_56390845_1787611271607,alpha_vault_portfolio.db,PAPER_VAULT,0x87e544fc65b4e32bc53ead71ef9c9d3184a79a52867766224e6a10f017bde3df,wta-tjen-yastrem-2026-08-24,TENNIS_WTA_MONEYLINE,YES,1787611271.607489,0.49,50.0,99.5035,1.2433,WIN,49.5035,FAVORITES_COPY,Alpha Vault lane: FAVORITES_COPY
VAULT_pos_FAVORITES_COPY_39004019_1787611271693,alpha_vault_portfolio.db,PAPER_VAULT,0x9c79aa5db85353e1b90ece28ed2bcbdee6d67d6acea8e2ebdd5be97ce4fd7ebd,mlb-tb-det-2026-08-24,BASEBALL_MONEYLINE,YES,1787611271.6936803,0.57,50.0,85.873,1.0524,WIN,35.873,FAVORITES_COPY,Alpha Vault lane: FAVORITES_COPY
VAULT_pos_FAVORITES_COPY_11573363_1787614575657,alpha_vault_portfolio.db,PAPER_VAULT,0x7e30518fe626e4cef2e0555fa78bdce118cbbb06a6573176d008fbefa60d78e6,mlb-bos-mia-2026-08-24,BASEBALL_MONEYLINE,YES,1787614575.6571107,0.61,50.0,80.3994,0.9564,WIN,30.3994,FAVORITES_COPY,Alpha Vault lane: FAVORITES_COPY
VAULT_pos_FAVORITES_COPY_11573363_1787615172401,alpha_vault_portfolio.db,PAPER_VAULT,0x7e30518fe626e4cef2e0555fa78bdce118cbbb06a6573176d008fbefa60d78e6,mlb-bos-mia-2026-08-24,BASEBALL_MONEYLINE,YES,1787615172.4010136,0.61,50.0,80.3994,0.9564,WIN,30.3994,FAVORITES_COPY,Alpha Vault lane: FAVORITES_COPY
VAULT_pos_FAVORITES_COPY_39679636_1787615772855,alpha_vault_portfolio.db,PAPER_VAULT,0x2ea48057ba7d1d7aa31811e8dd33456010bc70e605b2a69cc9e053cc662168aa,wnba-gsv-min-2026-08-24,OTHER_MISCELLANEOUS,YES,1787615772.8553433,0.66,50.0,74.4912,0.8358,WIN,24.4912,FAVORITES_COPY,Alpha Vault lane: FAVORITES_COPY
VAULT_pos_FAVORITES_COPY_39679636_1787615772948,alpha_vault_portfolio.db,PAPER_VAULT,0x2ea48057ba7d1d7aa31811e8dd33456010bc70e605b2a69cc9e053cc662168aa,wnba-gsv-min-2026-08-24,OTHER_MISCELLANEOUS,YES,1787615772.948522,0.66,50.0,74.4912,0.8358,WIN,24.4912,FAVORITES_COPY,Alpha Vault lane: FAVORITES_COPY
VAULT_pos_FAVORITES_COPY_10627132_1787618171810,alpha_vault_portfolio.db,PAPER_VAULT,0x0189515f3f8d01a3cf6a7eee01b2f8414b4be8ec8241143d2a33bf1c819eac7f,atp-jones-svajd-2026-08-24,TENNIS_ATP_MONEYLINE,YES,1787618171.810986,0.71,50.0,69.416,0.7146,WIN,19.416,FAVORITES_COPY,Alpha Vault lane: FAVORITES_COPY
VAULT_pos_FAVORITES_COPY_10627132_1787618171895,alpha_vault_portfolio.db,PAPER_VAULT,0x0189515f3f8d01a3cf6a7eee01b2f8414b4be8ec8241143d2a33bf1c819eac7f,atp-jones-svajd-2026-08-24,TENNIS_ATP_MONEYLINE,YES,1787618171.8957336,0.71,50.0,69.416,0.7146,WIN,19.416,FAVORITES_COPY,Alpha Vault lane: FAVORITES_COPY
VAULT_pos_FAVORITES_COPY_10627132_1787618171983,alpha_vault_portfolio.db,PAPER_VAULT,0x0189515f3f8d01a3cf6a7eee01b2f8414b4be8ec8241143d2a33bf1c819eac7f,atp-jones-svajd-2026-08-24,TENNIS_ATP_MONEYLINE,YES,1787618171.983499,0.71,50.0,69.416,0.7146,WIN,19.416,FAVORITES_COPY,Alpha Vault lane: FAVORITES_COPY
VAULT_pos_FAVORITES_COPY_72835395_1787624475754,alpha_vault_portfolio.db,PAPER_VAULT,0xf405ba36cf8b2ba58a0fa58a2bb3325b996053575cc0067c661d64514ef53d41,lol-drxc-foxy-2026-08-25,ESPORTS_LEAGUE_OF_LEGENDS,YES,1787624475.754748,0.66,50.0,74.4912,0.8358,WIN,24.4912,FAVORITES_COPY,Alpha Vault lane: FAVORITES_COPY
VAULT_pos_FAVORITES_COPY_72835395_1787641283544,alpha_vault_portfolio.db,PAPER_VAULT,0xf405ba36cf8b2ba58a0fa58a2bb3325b996053575cc0067c661d64514ef53d41,lol-drxc-foxy-2026-08-25,ESPORTS_LEAGUE_OF_LEGENDS,YES,1787641283.5449533,0.66,50.0,74.4912,0.8358,WIN,24.4912,FAVORITES_COPY,Alpha Vault lane: FAVORITES_COPY
VAULT_pos_FAVORITES_COPY_72835395_1787645482335,alpha_vault_portfolio.db,PAPER_VAULT,0xf405ba36cf8b2ba58a0fa58a2bb3325b996053575cc0067c661d64514ef53d41,lol-drxc-foxy-2026-08-25,ESPORTS_LEAGUE_OF_LEGENDS,YES,1787645482.3352091,0.7,50.0,70.373,0.7389,WIN,20.373,FAVORITES_COPY,Alpha Vault lane: FAVORITES_COPY
VAULT_pos_FAVORITES_COPY_97717501_1787647579313,alpha_vault_portfolio.db,PAPER_VAULT,0x891ac51cd07e93e6936276f7c8f8ce5c090e8de9ed32aa0cfc863daffc92fd00,itf-boulard-pescucc-2026-08-25,TENNIS_ITF_MONEYLINE,YES,1787647579.31307,0.7,50.0,70.373,0.7389,WIN,20.373,FAVORITES_COPY,Alpha Vault lane: FAVORITES_COPY
VAULT_pos_FAVORITES_COPY_10910371_1787657499728,alpha_vault_portfolio.db,PAPER_VAULT,0x52d9cc15ff6b05b9da315a3981040ceba93a3cc3b7b290cd2f239614d61db3a3,lol-lds-dv1-2026-08-25,ESPORTS_LEAGUE_OF_LEGENDS,YES,1787657499.7285645,0.6,50.0,81.6993,0.9804,WIN,31.6993,FAVORITES_COPY,Alpha Vault lane: FAVORITES_COPY
VAULT_pos_FAVORITES_COPY_82142697_1787657785103,alpha_vault_portfolio.db,PAPER_VAULT,0xa8a36ce5685a62d988ab59e8c1dac618c0079498f38a35371de95bba287a156d,lol-shft-th-2026-08-28,ESPORTS_LEAGUE_OF_LEGENDS,YES,1787657785.1032088,0.6688,50.0,73.5479,0.8146,WIN,23.5479,FAVORITES_COPY,Alpha Vault lane: FAVORITES_COPY
VAULT_pos_FAVORITES_COPY_91946489_1787664086201,alpha_vault_portfolio.db,PAPER_VAULT,0x6c9e41a94dfa04d934740c70d07aff22a1110a5b9767e12234101e45e38b8e09,atp-bonzi-halys-2026-08-25,TENNIS_ATP_MONEYLINE,YES,1787664086.2017395,0.65,50.0,75.6001,0.86,WIN,25.6001,FAVORITES_COPY,Alpha Vault lane: FAVORITES_COPY
VAULT_pos_FAVORITES_10344370_1787899405972,alpha_vault_portfolio.db,PAPER_VAULT,0x2f7f0afddbad280a288f022b38e70d3eb612b73cd66541e39597c39383e768ee,ere-gro-sit-2026-08-28-total-3pt5,SOCCER_HIGH_TAIL_TOTALS,YES,1787899405.972992,0.56,75.00080000000001,133.93,0.0,LOSS,-75.0008,FAVORITES_COPY,Alpha Vault lane: FAVORITES_COPY
VAULT_pos_FAVORITES_62326630_1787915920304,alpha_vault_portfolio.db,PAPER_VAULT,0xfee8c9d0a367e3652e76db2cc49401370c74cafd9eaa123c95424e634ba4de84,chi-ygb-bgu-2026-08-28-bgu,SOCCER_3WAY_FADE_NO,NO,1787915920.3047938,0.569,74.99989,131.81,0.0,WIN,56.8101,FAVORITES_COPY,Alpha Vault lane: FAVORITES_COPY
VAULT_pos_FAVORITES_73993050_1787929130621,alpha_vault_portfolio.db,PAPER_VAULT,0x68a3a1bc453265b2b8f2f1d54012fee21d1fbb89438c179cfef07237127bead4,atp-cretu-kopp-2026-08-28,TENNIS_ATP_MONEYLINE,YES,1787929130.6219923,0.599,75.00079,125.21,0.0,WIN,50.2092,FAVORITES_COPY,Alpha Vault lane: FAVORITES_COPY
VAULT_pos_FAVORITES_90418088_1787932816591,alpha_vault_portfolio.db,PAPER_VAULT,0x8463ab319563c22d93dba86fd66d19693f1f0907b3c30af48cc4c6bf2671640d,atp-gaubas-wendelk-2026-08-27,TENNIS_ATP_MONEYLINE,NO,1787932816.5919585,0.73,44.9972,61.64,0.0,WIN,16.6428,FAVORITES_COPY,Alpha Vault lane: FAVORITES_COPY
VAULT_pos_FAVORITES_93617747_1787939322876,alpha_vault_portfolio.db,PAPER_VAULT,0x6d3ad2a8986294b7107f64b0d73f313c3d818741b5f6b3aa07868b20309caddb,itsb-cre-mod-2026-08-28-cre,SOCCER_3WAY_FADE_NO,NO,1787939322.8764834,0.63,60.0012,95.24,0.0,WIN,35.2388,FAVORITES_COPY,Alpha Vault lane: FAVORITES_COPY
VAULT_pos_FAVORITES_61592464_1787947728360,alpha_vault_portfolio.db,PAPER_VAULT,0x55f15a07ca814afba4aa6e83a20856b48abaffc7da37e0f95a1b1452042a53da,fl1-lil-psg-2026-08-28-psg,SOCCER_3WAY_FADE_NO,NO,1787947728.360367,0.75,45.0,60.0,0.0,WIN,15.0,FAVORITES_COPY,Alpha Vault lane: FAVORITES_COPY
VAULT_pos_FAVORITES_15636077_1787996349589,alpha_vault_portfolio.db,PAPER_VAULT,0x947dd80332f70d12dfb63266366591167be2c3e769b3eac01b7961a05a2ef7f4,ufc-ale7-sum-2026-08-29,OTHER_MISCELLANEOUS,YES,1787996349.589931,0.66,60.0006,90.91,0.0,LOSS,-60.0006,FAVORITES_COPY,Alpha Vault lane: FAVORITES_COPY
VAULT_pos_FAVORITES_47749481_1788011816578,alpha_vault_portfolio.db,PAPER_VAULT,0x9dae833e4327ab0dabc1146c47b200c9083d1a7f3eac48c13ef623f5c4dfc6c5,epl-bou-eve-2026-08-29-btts,SOCCER_2WAY_DERIVATIVES,YES,1788011816.5782251,0.589,74.99736999999999,127.33,0.0,WIN,52.3326,FAVORITES_COPY,Alpha Vault lane: FAVORITES_COPY
VAULT_pos_FAVORITES_26287222_1788017658561,alpha_vault_portfolio.db,PAPER_VAULT,0x1acd5a75f344dae60c2de50562ef74ce292972fc8106b9520b727c87c04886cf,epl-bou-eve-2026-08-29-bou,SOCCER_3WAY_BACK_YES,YES,1788017658.5618663,0.75,45.0,60.0,0.0,LOSS,-45.0,FAVORITES_COPY,Alpha Vault lane: FAVORITES_COPY
VAULT_pos_FAVORITES_59489087_1788023405187,alpha_vault_portfolio.db,PAPER_VAULT,0x443ff1dad6451db6a50ac3c0b4ea1a7b9831527834515d704805a7fd989a6b35,mlb-lad-det-2026-08-29-total-8pt5,BASEBALL_SPREADS_TOTALS,YES,1788023405.187637,0.659,60.00195,91.05,0.0,LOSS,-60.002,FAVORITES_COPY,Alpha Vault lane: FAVORITES_COPY
VAULT_pos_FAVORITES_87725897_1788034145586,alpha_vault_portfolio.db,PAPER_VAULT,0x95bb79d4c838bca13da9cc016933495b2848739bf63ce04352b030b9b9ddb563,sea-juv-par-2026-08-29-total-1pt5,SOCCER_2WAY_DERIVATIVES,YES,1788034145.5861197,0.67,59.9985,89.55,0.0,WIN,29.5515,FAVORITES_COPY,Alpha Vault lane: FAVORITES_COPY
VAULT_pos_FAVORITES_88037990_1788094793250,alpha_vault_portfolio.db,PAPER_VAULT,0x4a42c7ed224498dc4d487451355bce9fecaee2f12a5636c3326f71c50cbea90b,ere-fey-ado-2026-08-30-fey,SOCCER_3WAY_BACK_YES,YES,1788094793.2504418,0.63,60.0012,95.24,0.0,LOSS,-60.0012,FAVORITES_COPY,Alpha Vault lane: FAVORITES_COPY
VAULT_pos_FAVORITES_58687308_1788095687811,alpha_vault_portfolio.db,PAPER_VAULT,0xb0721d36564bb80173bc9399acf89fd43ee6f0b4417c1ce38686c55670d3e1b0,epl-sun-ful-2026-08-30-sun,SOCCER_3WAY_FADE_NO,NO,1788095687.8114154,0.58,74.9998,129.31,0.0,LOSS,-74.9998,FAVORITES_COPY,Alpha Vault lane: FAVORITES_COPY
VAULT_pos_FAVORITES_72534417_1788114596027,alpha_vault_portfolio.db,PAPER_VAULT,0x6a1f32f3ad024b1e2c2bf26368af24cf9b089b28f855bccf44b9176a6a556998,fl1-asm-olm-2026-08-30-total-3pt5,SOCCER_HIGH_TAIL_TOTALS,YES,1788114596.0277984,0.65,60.0015,92.31,0.0,LOSS,-60.0015,FAVORITES_COPY,Alpha Vault lane: FAVORITES_COPY
PAPER_cmrv0ew4s00xeu2as1ggdz2xj,polymarket-bot.sqlite,PAPER_BOT,1654958,will-there-be-no-change-in-fed-interest-rates-after-the-july-2026-meeting,POLITICS_AND_MACRO,BUY,1784659879.467,0.8135,10.0,12.292562999385371,0.0,WIN,2.29,STRATEGY:political_favorites,Hold-to-Resolution
PAPER_cmrv0ew5r00xgu2asfntzunsd,polymarket-bot.sqlite,PAPER_BOT,1654959,will-the-fed-increase-interest-rates-by-25-bps-after-the-july-2026-meeting,POLITICS_AND_MACRO,BUY,1784659879.502,0.8315,10.0,12.026458208057727,0.0,WIN,2.03,STRATEGY:political_favorites,Hold-to-Resolution
PAPER_cmrv0ew6q00xiu2asiqw8n8fk,polymarket-bot.sqlite,PAPER_BOT,1697034,will-the-fed-pausepausepause-in-the-next-three-decisions-aprjunjul,POLITICS_AND_MACRO,BUY,1784659879.537,0.783,10.0,12.77139208173691,0.0,WIN,2.77,STRATEGY:political_favorites,Hold-to-Resolution
PAPER_cmrv0ew8r00xmu2as9hp0zzlx,polymarket-bot.sqlite,PAPER_BOT,2896080,will-person-f-be-the-new-republican-nominee-for-senate-in-south-carolina-20260712140628838,POLITICS_AND_MACRO,BUY,1784659879.61,0.8105,10.0,12.338062924120914,0.0,WIN,2.34,STRATEGY:political_favorites,Hold-to-Resolution
PAPER_cmrv1i8br00ruu2bw1iqgnbrj,polymarket-bot.sqlite,PAPER_BOT,599305,will-abdul-el-sayed-win-the-2026-michigan-democratic-primary,OTHER_MISCELLANEOUS,BUY,1784661714.854,0.835,10.0,11.976047904191617,0.0,WIN,1.98,STRATEGY:political_favorites,Hold-to-Resolution
PAPER_cmrv1i8cr00rwu2bwpfd29pcg,polymarket-bot.sqlite,PAPER_BOT,599304,will-haley-stevens-win-the-2026-michigan-democratic-primary,OTHER_MISCELLANEOUS,BUY,1784661714.889,0.8335,10.0,11.997600479904019,0.0,WIN,2.0,STRATEGY:political_favorites,Hold-to-Resolution
PAPER_cmrv6gzkv04usu2bkpoh1odgk,polymarket-bot.sqlite,PAPER_BOT,0xef8fb298e2fd07014dbbd03a883961278df877eec389b5e44f157f0e64e501a0,atp-tomic-boyer-2026-07-20,TENNIS_ATP_MONEYLINE,BUY,1784670054.942,0.6425,14.0,21.78988326848249,0.0,WIN,7.79,0x076daa87c4fe1a85402a9b6b8e0a866224388d4c,Hold-to-Resolution
PAPER_cmrvcljwo0dquu2bkgkp28vbv,polymarket-bot.sqlite,PAPER_BOT,0x589a23d72df85ff44a4384ab381310c45531ec83587ae9f987efe60279b8302e,atp-mochizu-sekulic-2026-07-20,TENNIS_ATP_MONEYLINE,BUY,1784680345.606,0.7095,14.9,21.000704721634953,0.0,WIN,6.1,0x076daa87c4fe1a85402a9b6b8e0a866224388d4c,Hold-to-Resolution
PAPER_cmrveuqun0gz2u2bkoetuc2ly,polymarket-bot.sqlite,PAPER_BOT,0x9aede26e053f76d2f03d1683c89d37651cd05fa9f0e58da871f0e17cb0b6bd02,mlb-lad-phi-2026-07-21,BASEBALL_MONEYLINE,BUY,1784684133.742,0.615,13.4,21.788617886178862,0.0,WIN,8.39,0xfe787d2da716d60e8acff57fb87eb13cd4d10319,Hold-to-Resolution
PAPER_cmrvffbee0hviu2bkmx9zi9dm,polymarket-bot.sqlite,PAPER_BOT,0x92df3b3f0170031a7cb3f4ae606a4c8a72fca20e9ac91a21a6b40d6350fc91cf,mlb-sf-kc-2026-07-21,BASEBALL_MONEYLINE,BUY,1784685093.492,0.765,16.7,21.83006535947712,0.0,WIN,5.13,0x4f29e103339919c4baaea2a60195cf1c8bb27a7e,Hold-to-Resolution
PAPER_cmrvffbsj0hy6u2bkb2bqmnhp,polymarket-bot.sqlite,PAPER_BOT,0x4a11ea5960d505a7a74cfa13277e8e1fc803d2bb9e0c6e5fdcb3a64ed66f0cf1,mlb-wsh-col-2026-07-21,BASEBALL_MONEYLINE,BUY,1784685094.002,0.625,14.9,23.84,0.0,WIN,8.94,0x4f29e103339919c4baaea2a60195cf1c8bb27a7e,Hold-to-Resolution
PAPER_cmrvffc0i0hzqu2bk80tz6es8,polymarket-bot.sqlite,PAPER_BOT,0x9aede26e053f76d2f03d1683c89d37651cd05fa9f0e58da871f0e17cb0b6bd02,mlb-lad-phi-2026-07-21,BASEBALL_MONEYLINE,BUY,1784685094.289,0.745,16.85,22.617449664429532,0.0,WIN,5.77,0x4f29e103339919c4baaea2a60195cf1c8bb27a7e,Hold-to-Resolution
PAPER_cmrvffc3z0i0cu2bkw7fp6hap,polymarket-bot.sqlite,PAPER_BOT,0x4a11ea5960d505a7a74cfa13277e8e1fc803d2bb9e0c6e5fdcb3a64ed66f0cf1,mlb-wsh-col-2026-07-21,BASEBALL_MONEYLINE,BUY,1784685094.414,0.625,13.7,21.919999999999998,0.0,WIN,8.22,0x5268527977f700f9bf9b6d5cd843859e4e70135d,Hold-to-Resolution
PAPER_cmrvpixvm02dbu2xog01crmt3,polymarket-bot.sqlite,PAPER_BOT,0xdd76c0075f2aa127df7c46f917d6e2c781ce719d2ba057706dd1abd2f38450c1,atp-kym-henning-2026-07-22,TENNIS_ATP_MONEYLINE,BUY,1784702058.752,0.8134484832575158,15.65,19.239079452614373,0.0,LOSS,-15.65,0x076daa87c4fe1a85402a9b6b8e0a866224388d4c,Hold-to-Resolution
PAPER_cmrvtb1e5040gu2vkk9rdd1hn,polymarket-bot.sqlite,PAPER_BOT,0x179ad066e679114cad7149ff50a8e928071b5748dfb7698dae0612d64ed474b5,atp-struff-navone-2026-07-22,TENNIS_ATP_MONEYLINE,BUY,1784708408.508,0.69211,13.93,20.126858447356632,0.0,WIN,6.2,0xa804390f80019699ab34a282c0df7528fba82a75,Hold-to-Resolution
PAPER_cmrvv1c1106gsu2vk6kg5qase,polymarket-bot.sqlite,PAPER_BOT,0xfa086a518e7f6045b17e542de8fbab13f20b19fbbbcf05c3e26e78540c48b38d,atp-feldbau-buse-2026-07-22,TENNIS_ATP_MONEYLINE,BUY,1784711314.966,0.69211,20.0,28.897140627934867,0.0,WIN,8.9,0x076daa87c4fe1a85402a9b6b8e0a866224388d4c,Hold-to-Resolution
PAPER_cmrvw6m310848u2vk2rgiv5ne,polymarket-bot.sqlite,PAPER_BOT,0xa5e1eec9ea183ebdea91adfa0303bdacc3d7798e11da798467535b1c1764b74d,itf-petre-andrees-2026-07-22,TENNIS_ITF_MONEYLINE,BUY,1784713240.898,0.76875,20.0,26.016260162601625,0.0,WIN,6.02,0x076daa87c4fe1a85402a9b6b8e0a866224388d4c,Hold-to-Resolution
PAPER_cmrvw6m6s084cu2vk8u06vjm5,polymarket-bot.sqlite,PAPER_BOT,0x61af2cc3b324cbd876ebfc4b76c98c9c5e86a7e82d097a85f07f24953626af9c,atp-halys-vachero-2026-07-22,TENNIS_ATP_MONEYLINE,BUY,1784713241.033,0.64356,14.74,22.903847349120518,0.0,WIN,8.16,0x5268527977f700f9bf9b6d5cd843859e4e70135d,Hold-to-Resolution
PAPER_cmrvwr95k08yeu2vkh91tqxyt,polymarket-bot.sqlite,PAPER_BOT,0x2f39c668afc7b19d558be8de8e28006b0c53b5ccb0543fe3226c115eaea6a693,wta-waltert-sherif-2026-07-21,PREMATURE_STOP_LOSS_CUTS,BUY,1784714203.918,0.74971,20.0,26.676981766282964,0.0,LOSS (STOP_LOSS),-12.3,0x4f29e103339919c4baaea2a60195cf1c8bb27a7e,Premature Stop Loss Cut
PAPER_cmrvwr98z08you2vkd5fvzaiu,polymarket-bot.sqlite,PAPER_BOT,0x9278fe482b0a5376beaf247ef820975d782880395c5e64f4863eafa1c95ad0f2,itf-pohle-maquet-2026-07-22,TENNIS_ITF_MONEYLINE,BUY,1784714204.043,0.74016,20.0,27.021184608733247,0.0,WIN,7.02,0x076daa87c4fe1a85402a9b6b8e0a866224388d4c,Hold-to-Resolution
PAPER_cmrvxdc3301kqu2ns33wvp149,polymarket-bot.sqlite,PAPER_BOT,0x3a386263109b82a74ab4b1846e4f025f14bcd6c55bacfa834824a68b952fc7bf,atp-santill-alkaya-2026-07-22,TENNIS_ATP_MONEYLINE,BUY,1784715234.142,0.6882444,14.69,21.344162044762005,0.0,WIN,6.65,0x5268527977f700f9bf9b6d5cd843859e4e70135d,Hold-to-Resolution
PAPER_cmrw2lwii0998u2nsbctt2dgx,polymarket-bot.sqlite,PAPER_BOT,0xfa086a518e7f6045b17e542de8fbab13f20b19fbbbcf05c3e26e78540c48b38d,atp-feldbau-buse-2026-07-22,PREMATURE_STOP_LOSS_CUTS,BUY,1784724031.935,0.6098422364972839,20.0,32.79536706882236,0.0,LOSS (STOP_LOSS),-15.04,0x5268527977f700f9bf9b6d5cd843859e4e70135d,Premature Stop Loss Cut
PAPER_cmrw36tox0a3mu2nssy8x3b1n,polymarket-bot.sqlite,PAPER_BOT,0x792a3599ffc16395f8bca16dc28391a929fb55aef4d1362fd1e86474c8b46f4c,atp-piros-rehberg-2026-07-22,TENNIS_ATP_MONEYLINE,BUY,1784725008.064,0.77824,20.0,25.699013157894736,0.0,WIN,5.7,0x5268527977f700f9bf9b6d5cd843859e4e70135d,Hold-to-Resolution
PAPER_cmrw799950g2cu2nsbcrzkhbp,polymarket-bot.sqlite,PAPER_BOT,0xc79334f3c99fba6006327d86850730be413dcb272e41206991597aba8492cb69,atp-borges-burruch-2026-07-22,TENNIS_ATP_MONEYLINE,BUY,1784731840.0,0.6230961129613017,20.0,32.0977768661544,0.0,WIN,12.1,0x5268527977f700f9bf9b6d5cd843859e4e70135d,Hold-to-Resolution
PAPER_cmrw8fhbc0hrou2nsidhpl6zl,polymarket-bot.sqlite,PAPER_BOT,0x4274a1a1847d7e21ff63ed14d979cbdf40c9476056561639189e8a970942eba3,mlb-oak-ari-2026-07-22-spread-home-2pt5,PREMATURE_STOP_LOSS_CUTS,BUY,1784733810.004,0.76875,20.0,26.016260162601625,0.0,LOSS (STOP_LOSS),-15.46,0x5268527977f700f9bf9b6d5cd843859e4e70135d,Premature Stop Loss Cut
PAPER_cmrw8fhow0hsyu2nsfy79o07a,polymarket-bot.sqlite,PAPER_BOT,0x6e2874a5fa70fcc21a75e1cc11501e4c5df24a99e97c6a36f7c186555e480b5b,mlb-sf-kc-2026-07-22-spread-home-1pt5,PREMATURE_STOP_LOSS_CUTS,BUY,1784733810.5,0.73059,20.0,27.375135164729876,0.0,LOSS (STOP_LOSS),-14.96,0x5268527977f700f9bf9b6d5cd843859e4e70135d,Premature Stop Loss Cut
PAPER_cmrw8fja60ht4u2nsq82jq3m9,polymarket-bot.sqlite,PAPER_BOT,2698847,will-trump-meet-with-giorgia-meloni-in-july-2026-20260626153701912,OTHER_MISCELLANEOUS,BUY,1784733812.575,0.81,10.0,12.345679012345679,0.0,WIN,2.35,STRATEGY:political_favorites,Hold-to-Resolution
PAPER_cmrw90i6d0iniu2nsqhy5fua4,polymarket-bot.sqlite,PAPER_BOT,0x8326e25a97134bf712d79a926d9afc42a690ceea5880297582d30f3bfbf44e4f,mlb-nym-mil-2026-07-22-total-9pt5,BASEBALL_SPREADS_TOTALS,BUY,1784734790.886,0.71139,20.0,28.113974050801954,0.0,WIN,8.11,0x5268527977f700f9bf9b6d5cd843859e4e70135d,Hold-to-Resolution
PAPER_cmrwbx74i0mswu2nsjuz6mvls,polymarket-bot.sqlite,PAPER_BOT,0x2c08f749de4443542bc911b5081768abd01f0e1364c45019a4531553c8c9d0ee,atp-tabilo-torre-2026-07-22,TENNIS_ATP_MONEYLINE,BUY,1784739675.448,0.69211,16.17,23.36333819768534,0.0,LOSS,-16.17,0x2c335066fe58fe9237c3d3dc7b275c2a034a0563,Hold-to-Resolution
PAPER_cmrwln9ka0ensu2dsx4dkbytt,polymarket-bot.sqlite,PAPER_BOT,0xeabbe37b2509146bedc49b6284d5f5c30c86a61e58291439fae17c79930f0b04,mlb-tb-tor-2026-07-22-total-9pt5,BASEBALL_SPREADS_TOTALS,BUY,1784756008.213,0.68244,20.0,29.30660570892679,0.0,WIN,9.31,0x5268527977f700f9bf9b6d5cd843859e4e70135d,Hold-to-Resolution
PAPER_cmrwln9ow0eo4u2ds5ct2ko4b,polymarket-bot.sqlite,PAPER_BOT,0x116a0c98fd2081c4541e346e0b52118f4ee4678687e6c1da3141e49e1e7be5ff,mlb-tb-tor-2026-07-22-spread-home-2pt5,BASEBALL_SPREADS_TOTALS,BUY,1784756008.379,0.79716,20.0,25.089066184956597,0.0,WIN,5.09,0x5268527977f700f9bf9b6d5cd843859e4e70135d,Hold-to-Resolution
PAPER_cmrws5acn0o1qu2dshmw6lb62,polymarket-bot.sqlite,PAPER_BOT,0xf18688eccdccfd8f324f4d1e766af47a92c17de28ff579a93c94202f48ab3431,mlb-sd-atl-2026-07-22,BASEBALL_MONEYLINE,BUY,1784766926.741,0.67275,13.18,19.591230026012635,0.0,WIN,6.41,0x09933d426d714890588f597eac833dbd947e525f,Hold-to-Resolution
PAPER_cmrxxd8pz29jcu2ds2tsv6wdb,polymarket-bot.sqlite,PAPER_BOT,2948596,will-trump-meet-with-netanyahu-by-july-31-2026,PREMATURE_STOP_LOSS_CUTS,BUY,1784836162.152,0.7326732673267327,10.0,13.64864864864865,0.0,LOSS (STOP_LOSS),-9.04,STRATEGY:political_favorites,Premature Stop Loss Cut
PAPER_cmrxz6cxg2c3eu2dsqoz73lxj,polymarket-bot.sqlite,PAPER_BOT,2698849,will-trump-meet-with-benjamin-netanyahu-in-july-2026-20260626153701914,PREMATURE_STOP_LOSS_CUTS,BUY,1784839200.244,0.694,10.0,14.409221902017292,0.0,LOSS (STOP_LOSS),-8.7,STRATEGY:political_favorites,Premature Stop Loss Cut
PAPER_cmrzs57iy4shfu2dsxleosleo,polymarket-bot.sqlite,PAPER_BOT,0xd1040f9aaaf249129e654c1c56a6b8cd9acf06e69cfe668e5eda6a1afa957fa2,mlb-laa-sf-2026-07-24,BASEBALL_MONEYLINE,BUY,1784948321.606,0.7305900000000001,12.92,17.684337316415498,0.0,WIN,4.76,0x31a1a31f4c031e35f88762df68b626b2e6be1227,Hold-to-Resolution
PAPER_cmrzzhovy52enu2dswdmlqpt2,polymarket-bot.sqlite,PAPER_BOT,0xbf40b1c56a5a91af4893693a04204c5a485efbbd166a7367f1f1b43cb9389d01,atp-dedurap-onclin-2026-07-25,TENNIS_ATP_MONEYLINE,BUY,1784960661.286,0.6533100000000001,20.0,30.61333823146745,0.0,WIN,10.61,0x076daa87c4fe1a85402a9b6b8e0a866224388d4c,Hold-to-Resolution
PAPER_cms0dng1h5lnru2dsqfscv6n7,polymarket-bot.sqlite,PAPER_BOT,0xd139f99130b597b8341c18dbf1412941b43fae2aacdb3ba13005cb4b7d17ac68,ufc-mik1-nur-2026-07-25-totals-2pt5,OTHER_MISCELLANEOUS,BUY,1784984444.382,0.6727500000000001,12.98,19.29394277220364,0.0,WIN,6.31,0xa71093cafc0c099b4ccab24c3cb8018d817923c4,Hold-to-Resolution
PAPER_cms0g4n4l5p2zu2dswrlnrxar,polymarket-bot.sqlite,PAPER_BOT,0xaebd8092ec6792010e2b79c37d98aa623a559e1f56f9e897ebf2df948a60d934,ufc-mag11-drzepe-2026-07-25,OTHER_MISCELLANEOUS,BUY,1784988605.944,0.7401599999999999,13.3,17.96908776480761,0.0,WIN,4.67,0xdb859a551fcf56e49416160911476bea7307152f,Hold-to-Resolution
PAPER_cms0g4nck5p3tu2dsinnops01,polymarket-bot.sqlite,PAPER_BOT,0xc5c5273de5815a8d8c3185239a540d3bf893c309efcb3e5e9d4e29be6d330c88,wta-sherif-korpats-2026-07-25,PREMATURE_STOP_LOSS_CUTS,BUY,1784988606.228,0.63379,13.3,20.984868805124727,0.0,LOSS (STOP_LOSS),-8.8,0xdb859a551fcf56e49416160911476bea7307152f,Premature Stop Loss Cut
PAPER_cms0gr3mb5q0vu2ds0vh8zwvc,polymarket-bot.sqlite,PAPER_BOT,0xc23bfa997a5394e774310733a80a163daf2779965c58eadcd7690639b3f7c434,mlb-col-mil-2026-07-25,BASEBALL_MONEYLINE,BUY,1784989653.755,0.70176,13.11,18.68160054719562,0.0,WIN,5.57,0x16bb9951a36fce71e2ef57890b786145e0ba8492,Hold-to-Resolution
PAPER_cms0y6cnx6el9u2dshn1om9kv,polymarket-bot.sqlite,PAPER_BOT,0x61c2b9e70f7fdf3441fd1cfa2c8fa93308fefe3f5ecc2db87c393efab3a207a3,us-x-iran-effective-ceasfire-by-august-31-20260715194822047,OTHER_MISCELLANEOUS,BUY,1785018918.786,0.67,12.37,18.462686567164177,0.0,WIN,6.09,0x88c4919de76e526d55a32c1f8afb439dd1f1129a,Hold-to-Resolution
PAPER_cms0zf3m66gelu2dso20jvbiv,polymarket-bot.sqlite,PAPER_BOT,0xdbaa19c72378f7eb2fc01c0b40404857a1b1e68e3561ce5bbe792a24ce79377e,israel-closes-its-airspace-by-august-15,OTHER_MISCELLANEOUS,BUY,1785021006.587,0.76,14.5,19.07894736842105,0.0,WIN,4.58,0x88c4919de76e526d55a32c1f8afb439dd1f1129a,Hold-to-Resolution
PAPER_cms1aoadz6wcpu2dsur7j88fb,polymarket-bot.sqlite,PAPER_BOT,0xfd369db75dc51f3ec661455cf868fdfa7845e8a47bfe65aefe9f1447dc2c7d4e,f1-hungarian-grand-prix-winner-leclerc-2026-07-26,OTHER_MISCELLANEOUS,BUY,1785039911.044,0.73059,13.3,18.20446488454537,0.0,WIN,4.9,0x558f2f82cf0394c28ce3c8e117ee747aeab51a56,Hold-to-Resolution
PAPER_cms1rkjne7iwlu2dsuzbr5sqj,polymarket-bot.sqlite,PAPER_BOT,3023274,will-ph-win-the-2026-negeri-sembilan-general-elections-20260720213330401,POLITICS_AND_MACRO,BUY,1785068289.914,0.69211,10.0,14.448570313967434,0.0,WIN,4.45,STRATEGY:political_favorites,Hold-to-Resolution
PAPER_cms1su3my7kl9u2ds2aa6bave,polymarket-bot.sqlite,PAPER_BOT,0x36cc3c0839f8953b0c4359aea99336fceb76c750b5b2509082193a5ee79ac80e,f1-hungarian-grand-prix-winner-norris-2026-07-26,PREMATURE_STOP_LOSS_CUTS,BUY,1785070415.306,0.73059,14.27,19.532158940034765,0.0,LOSS (STOP_LOSS),-12.01,0x558f2f82cf0394c28ce3c8e117ee747aeab51a56,Premature Stop Loss Cut
PAPER_cms1u3aom7mehu2dslyp3vbz4,polymarket-bot.sqlite,PAPER_BOT,3023273,will-bn-win-the-2026-negeri-sembilan-general-elections-20260720213330400,POLITICS_AND_MACRO,BUY,1785072523.99,0.7017600000000002,10.0,14.249886000911989,0.0,WIN,4.25,STRATEGY:political_favorites,Hold-to-Resolution
PAPER_cms1yi41c7si1u2dsnaxmfv32,polymarket-bot.sqlite,PAPER_BOT,0x34a57c3aecd040105437f7de2f4753d0fd5902fcb32bba024079afefd1d8622e,wta-hunter-johnson-2026-07-26,PREMATURE_STOP_LOSS_CUTS,BUY,1785079933.66,0.6727500000000001,20.0,29.72872538089929,0.0,LOSS (STOP_LOSS),-10.56,0x076daa87c4fe1a85402a9b6b8e0a866224388d4c,Premature Stop Loss Cut
PAPER_cms34twwl9dw9u2ds0ey43krl,polymarket-bot.sqlite,PAPER_BOT,3120606,will-james-martin-be-the-fl-21-democratic-nominee-20260724185824810,PREMATURE_STOP_LOSS_CUTS,BUY,1785151028.181,0.77824,10.0,12.849506578947368,0.0,LOSS (STOP_LOSS),-6.66,STRATEGY:political_favorites,Premature Stop Loss Cut
PAPER_cms3q8bel00x6u2247bwtwenu,polymarket-bot.sqlite,PAPER_BOT,0x29f42c3cd2d40ba0b7e034fc88f3c50086f9c59bf9b311ebfec2ce2e4540b2c1,atp-nishiko-shang-2026-07-27,PREMATURE_STOP_LOSS_CUTS,BUY,1785186972.074,0.624,20.0,32.05128205128205,0.0,LOSS (STOP_LOSS),-15.0,0x076daa87c4fe1a85402a9b6b8e0a866224388d4c,Premature Stop Loss Cut
PAPER_cms3tydnf02qnu2ngw1jr36vz,polymarket-bot.sqlite,PAPER_BOT,3090430,will-trump-and-netanyahu-hug-on-tuesday-20260724181151719,OTHER_MISCELLANEOUS,BUY,1785193226.908,0.7,10.0,14.285714285714286,0.0,WIN,4.29,STRATEGY:political_favorites,Hold-to-Resolution
PAPER_cms3tydr902qpu2ng4eo6o3mk,polymarket-bot.sqlite,PAPER_BOT,2840115,will-count-binface-get-second-place-in-the-clacton-by-election-copy-20260707214646969,POLITICS_AND_MACRO,BUY,1785193227.045,0.80659,10.0,12.397872525074696,0.0,WIN,2.4,STRATEGY:political_favorites,Hold-to-Resolution
PAPER_cms3v8vi702ymu2ngsxvjulaw,polymarket-bot.sqlite,PAPER_BOT,0x88ee50b8308a18fed72f2f79d830b24675617c38c6a2ed7f8e05b7fc5df5f990,wta-gibson-maria-2026-07-26,TENNIS_WTA_MONEYLINE,BUY,1785195396.196,0.79716,20.0,25.089066184956597,0.0,WIN,5.09,0x5268527977f700f9bf9b6d5cd843859e4e70135d,Hold-to-Resolution
PAPER_cms3v8vq002zku2ngfupatm2w,polymarket-bot.sqlite,PAPER_BOT,0x852ff72457452dd7ec879b06eec25083890717e7932abafc7bfedb81f8eed1b2,wta-samsono-keys-2026-07-27,PREMATURE_STOP_LOSS_CUTS,BUY,1785195396.474,0.76875,20.0,26.016260162601625,0.0,LOSS (STOP_LOSS),-13.98,0x5268527977f700f9bf9b6d5cd843859e4e70135d,Premature Stop Loss Cut
PAPER_cms3z0brx05zlu2ngw2gr4twc,polymarket-bot.sqlite,PAPER_BOT,0xdc64bbf11d1e190f436a6ecf42a906df8bb6839c8732119e95bfb191f6108d8d,atp-hernand-tomic-2026-07-27,TENNIS_ATP_MONEYLINE,BUY,1785201715.851,0.7253727564492387,20.0,27.5720308244022,0.0,WIN,7.57,0x5268527977f700f9bf9b6d5cd843859e4e70135d,Hold-to-Resolution
PAPER_cms4019j6072ju2ngdye4cxpn,polymarket-bot.sqlite,PAPER_BOT,0x2b9feb3c33e8223bade05aacfff18c22d8599ac112a371482a8cf79be10c794f,mlb-phi-mia-2026-07-28-spread-away-2pt5,BASEBALL_SPREADS_TOTALS,BUY,1785203439.216,0.75924,20.0,26.3421316052895,0.0,WIN,6.34,0x5268527977f700f9bf9b6d5cd843859e4e70135d,Hold-to-Resolution
PAPER_cms40p3f5077fu2nge2qp7v52,polymarket-bot.sqlite,PAPER_BOT,0xb7ae9397d4bbaa3f7da0ae0857755d1672382219eb66dfce72905d745c36cbd6,mlb-kc-min-2026-07-28-spread-away-1pt5,BASEBALL_SPREADS_TOTALS,BUY,1785204551.026,0.721,20.0,27.739251040221916,0.0,WIN,7.74,0x5268527977f700f9bf9b6d5cd843859e4e70135d,Hold-to-Resolution
PAPER_cms41esg90893u2ngz0bb4tao,polymarket-bot.sqlite,PAPER_BOT,0xf649f2f5d36750012339c0f4bf788b7a16f802f00e11f6ef35c312e2d5c35e9f,itf-taguchi-sumizaw-2026-07-28,TENNIS_ITF_MONEYLINE,BUY,1785205749.877,0.70176,17.15,24.438554491564062,0.0,WIN,7.29,0x2005d16a84ceefa912d4e380cd32e7ff827875ea,Hold-to-Resolution
PAPER_cms41eskj089du2ngib01870d,polymarket-bot.sqlite,PAPER_BOT,0x265018ebf5a0320a5cf0f177fd8c913b7e3294a0088ebb04a1c6c4a25f1e10e8,mlb-hou-laa-2026-07-27,PREMATURE_STOP_LOSS_CUTS,BUY,1785205750.031,0.76875,14.01,18.224390243902437,0.0,LOSS (STOP_LOSS),-12.02,0x2005d16a84ceefa912d4e380cd32e7ff827875ea,Premature Stop Loss Cut
PAPER_cms41qdey08bxu2ng9uql95ss,polymarket-bot.sqlite,PAPER_BOT,0x63137f0cd341d15e8411458dd147f808413b5c56ccebf3edf6e6c2914ae335e7,mlb-bal-det-2026-07-28-spread-home-2pt5,BASEBALL_SPREADS_TOTALS,BUY,1785206290.269,0.74016,20.0,27.021184608733247,0.0,LOSS,-20.0,0x5268527977f700f9bf9b6d5cd843859e4e70135d,Hold-to-Resolution
PAPER_cms4341lx09hsu2ngcjwyue0m,polymarket-bot.sqlite,PAPER_BOT,0x5f0f80c1d904c0348409832375a6d36580f9a552295ae3dba2595adfcea84a97,will-apple-be-the-largest-company-in-the-world-by-market-cap-on-july-31-20260624192329843,OTHER_MISCELLANEOUS,BUY,1785208607.758,0.7971600000000001,14.82,18.590998043052835,0.0,LOSS,-14.82,0xf0ca28d5b0141f0a8e7b251dea80fd881cb166ed,Hold-to-Resolution
PAPER_cms445ivb0aguu2ngmhnomyzv,polymarket-bot.sqlite,PAPER_BOT,0x95a1e4d0eba31a55bc6240a9f67102e610916918092bfc9c98653c77e9f5d321,crint-lka3-pak3-2026-07-28,OTHER_MISCELLANEOUS,BUY,1785210356.398,0.64356,13.3,20.666293741065324,0.0,WIN,7.37,0x31a1a31f4c031e35f88762df68b626b2e6be1227,Hold-to-Resolution
PAPER_cms4ucjym01o3u2jkgkhcwawd,polymarket-bot.sqlite,PAPER_BOT,0x033f055a81a5807aa12790c9fac55f94619f7768f7c4d94edb0d8343c96e37f2,wta-bucsa-kuderme-2026-07-28,TENNIS_WTA_MONEYLINE,BUY,1785254354.432,0.74016,20.0,27.021184608733247,0.0,LOSS,-20.0,0x5268527977f700f9bf9b6d5cd843859e4e70135d,Hold-to-Resolution
PAPER_cms4uck2x01o7u2jkhrk7aehh,polymarket-bot.sqlite,PAPER_BOT,0xc20a84f629d035f02cde0a6e79bb51fd398f2f5cd90ff429237076696391e583,atp-gentzsc-silv-2026-07-27,TENNIS_ATP_MONEYLINE,BUY,1785254354.583,0.7017600000000002,20.0,28.499772001823978,0.0,WIN,8.5,0x5268527977f700f9bf9b6d5cd843859e4e70135d,Hold-to-Resolution
PAPER_cms4uck7r01ohu2jkvvx2je71,polymarket-bot.sqlite,PAPER_BOT,0x95add8a00d678d8d73acac5981adc60480d6883159b86720beb591c734964e3a,mlb-cle-cin-2026-07-28-spread-home-1pt5,BASEBALL_SPREADS_TOTALS,BUY,1785254354.754,0.721,20.0,27.739251040221916,0.0,LOSS,-20.0,0x5268527977f700f9bf9b6d5cd843859e4e70135d,Hold-to-Resolution
PAPER_cms4upycc01w7u2f0iwa9v85f,polymarket-bot.sqlite,PAPER_BOT,0x140b0cf640b8e76a57978fc954a805fcac88841262444b66347bf8c23631cb9e,mlb-nyy-cws-2026-07-28-spread-away-2pt5,BASEBALL_SPREADS_TOTALS,BUY,1785254979.581,0.73059,20.0,27.375135164729876,0.0,WIN,7.38,0x5268527977f700f9bf9b6d5cd843859e4e70135d,Hold-to-Resolution
PAPER_cms4ynear01m5u22467271yt3,polymarket-bot.sqlite,PAPER_BOT,0xf944aa8fa32b5bd168ffa49f78825ffdc74a0315a496528a9afb760aaaecf604,atp-fils-jodar-2026-07-27,TENNIS_ATP_MONEYLINE,BUY,1785261578.769,0.624,14.41,23.09294871794872,0.0,LOSS,-14.41,0x5268527977f700f9bf9b6d5cd843859e4e70135d,Hold-to-Resolution
PAPER_cms5211tn022xu2asu2zksy9i,polymarket-bot.sqlite,PAPER_BOT,0x833f0bac240ad7d5c947d58a8acac0f77a74cf03dccd8f9b72a28811836a920f,us-x-iran-effective-ceasfire-by-august-14-20260715194822046,OTHER_MISCELLANEOUS,BUY,1785267254.636,0.7,14.27,20.385714285714286,0.0,WIN,6.12,0xbd0477e08d82d35a855ff19644a88a9213d8fbb0,Hold-to-Resolution
PAPER_cms5dkthv0g2mu2asftfvjm13,polymarket-bot.sqlite,PAPER_BOT,0x85cdc38e839fe19a30cca97e05c668ab6028e8db377de739e82169f5f26ffa60,mlb-kc-min-2026-07-28,BASEBALL_MONEYLINE,BUY,1785286652.724,0.71139,12.66,17.796145574157634,0.0,WIN,5.14,0x224a89dbe0db0d6124b335edabd15b3f877da3d5,Hold-to-Resolution
PAPER_cms5ikeh80myvu2asqz3x3po4,polymarket-bot.sqlite,PAPER_BOT,2846073,will-count-binface-win-less-than-10-of-votes-in-the-clacton-parliamentary-by-election-20260708142507719,POLITICS_AND_MACRO,BUY,1785295031.372,0.80659,10.0,12.397872525074696,0.0,WIN,2.4,STRATEGY:political_favorites,Hold-to-Resolution
PAPER_cms5vtuc611jmu2asu3x4qw5p,polymarket-bot.sqlite,PAPER_BOT,0xc3a395d1a33daf48b56529062f14cb46ffad6d3694bf0a2c59fd85a0aaec16be,will-mouz-win-blast-bounty-2026-season-2-20260709030045122,OTHER_MISCELLANEOUS,BUY,1785317306.821,0.7971600000000001,14.23,17.850870590596617,0.0,LOSS,-14.23,0x511f9c771449162349795d17becf8b37031acbe1,Hold-to-Resolution
PAPER_cms5ya1wn140su2asiquz76jm,polymarket-bot.sqlite,PAPER_BOT,0xf4afe333007b60478739aed8325d16e1ba12646ae685ff17add24c6a9d868584,wta-maria-zarazua-2026-07-29,TENNIS_WTA_MONEYLINE,BUY,1785321422.199,0.66304,13.52,20.39092664092664,0.0,LOSS,-13.52,0xb7aba0e44edb6773c3b3a8308aae8a24781fa2d1,Hold-to-Resolution
PAPER_cms6gll820ka6u2ws0uqu417p,polymarket-bot.sqlite,PAPER_BOT,704256,will-wesley-bell-be-the-democratic-nominee-for-mo-01,OTHER_MISCELLANEOUS,BUY,1785352193.715,0.68244,10.0,14.653302854463394,0.0,WIN,4.65,STRATEGY:political_favorites,Hold-to-Resolution
PAPER_cms6h2a0h0kbnu2ws4v14fbvx,polymarket-bot.sqlite,PAPER_BOT,0xf4f93a67fafe09c5b6fa9de1da552e3b21c0890955a324147b9c02236d2be840,mlb-atl-nym-2026-07-29,BASEBALL_MONEYLINE,BUY,1785352972.325,0.74971,13.21,17.620146456629897,0.0,WIN,4.41,0x224a89dbe0db0d6124b335edabd15b3f877da3d5,Hold-to-Resolution
PAPER_cms6jlbn60mw2u2wserzxtcua,polymarket-bot.sqlite,PAPER_BOT,0x435620fa180dbedb59d34f164d82a447304436b57e87850ca3d1ab2070667006,mlb-col-sd-2026-07-29,BASEBALL_MONEYLINE,BUY,1785357220.083,0.70176,14.23,20.277587779297765,0.0,WIN,6.05,0xabb89972b21b304c1bed2bf26f35c8741ac9bba3,Hold-to-Resolution
PAPER_cms6kpqum0p17u2wsyl597gkh,polymarket-bot.sqlite,PAPER_BOT,704257,will-cori-bush-be-the-democratic-nominee-for-mo-01,OTHER_MISCELLANEOUS,BUY,1785359106.094,0.68244,10.0,14.653302854463394,0.0,WIN,4.65,STRATEGY:political_favorites,Hold-to-Resolution
PAPER_cms6lo2p80paiu2wsn4fzbjs9,polymarket-bot.sqlite,PAPER_BOT,0xeb24a4ebd21a1351b50151b8213cea02ea0e822f5aee2c4d5d72c452235db1b0,mlb-mil-sf-2026-07-29,BASEBALL_MONEYLINE,BUY,1785360707.699,0.721,13.35,18.51595006934813,0.0,WIN,5.17,0x1b47e9b128e6b671edebfb2cac23dd3efc40d814,Hold-to-Resolution
PAPER_cms71783e16a0u2wsovmypo14,polymarket-bot.sqlite,PAPER_BOT,0x31e52aa7abe7f36c8f7952473fae87a57deacded118e3a5e734631eadb545b5c,atp-svrcina-darderi-2026-07-30,TENNIS_ATP_MONEYLINE,BUY,1785386795.432,0.68244,13.81,20.23621124201395,0.0,LOSS,-13.81,0xdd5ef115f801999575b03d78d0115ad8b2d59040,Hold-to-Resolution
PAPER_cms71d8h517xpu2wsr6qe81jr,polymarket-bot.sqlite,PAPER_BOT,2822715,will-john-braun-earn-the-most-votes-in-the-wa-03-primary-20260706195612135,OTHER_MISCELLANEOUS,BUY,1785387075.881,0.74016,10.0,13.510592304366623,0.0,WIN,3.51,STRATEGY:political_favorites,Hold-to-Resolution
PAPER_cms7k9h721t3eu2wsupwod67e,polymarket-bot.sqlite,PAPER_BOT,2734313,will-donald-trump-publicly-insult-vladimir-putin-by-july-31-2026-20260626210612715,OTHER_MISCELLANEOUS,BUY,1785418813.263,0.698392004558019,10.0,14.31860607615139,0.0,LOSS,-10.0,STRATEGY:political_favorites,Hold-to-Resolution
PAPER_cms7x4g0l277cu2wsqt22v2wg,polymarket-bot.sqlite,PAPER_BOT,973278,will-donavan-mckinney-be-the-democratic-nominee-for-mi-13,OTHER_MISCELLANEOUS,BUY,1785440413.462,0.8160000000000001,10.0,12.254901960784313,0.0,WIN,2.25,STRATEGY:political_favorites,Hold-to-Resolution
PAPER_cms7x4g4b277eu2wsbu6j2b0b,polymarket-bot.sqlite,PAPER_BOT,973277,will-shri-thanedar-be-the-democratic-nominee-for-mi-13,OTHER_MISCELLANEOUS,BUY,1785440413.595,0.8160000000000001,10.0,12.254901960784313,0.0,WIN,2.25,STRATEGY:political_favorites,Hold-to-Resolution
PAPER_cms89m1s02joju2ws8lywl08o,polymarket-bot.sqlite,PAPER_BOT,0x1ac96228974dabd5128cf3a2c7619efdbfd23ddca6368429faeec845b214d26a,mex-leo-pac-2026-08-01-draw,SOCCER_2WAY_DERIVATIVES,BUY,1785461390.19,0.75924,14.25,18.76876876876877,0.0,WIN,4.52,0x56acab44cfca2e88bb9b3406890aea7bfa0cd77e,Hold-to-Resolution
PAPER_cms8caioq2nshu2wste5wf6e0,polymarket-bot.sqlite,PAPER_BOT,0xa465e5118544b6d4c309728b8666ad2e35c1423d1f1411de5bcc4c3ae04be7ca,mlb-sf-sd-2026-07-30,BASEBALL_MONEYLINE,BUY,1785465891.087,0.79716,15.25,19.130412966029404,0.0,WIN,3.88,0xfe787d2da716d60e8acff57fb87eb13cd4d10319,Hold-to-Resolution
PAPER_cms8dxlj72q1cu2wsxjx01c67,polymarket-bot.sqlite,PAPER_BOT,2822706,will-abdul-el-sayed-win-the-michigan-senate-democratic-primary-by-1015-20260706180333322,POLITICS_AND_MACRO,BUY,1785468647.491,0.77824,10.0,12.849506578947368,0.0,WIN,2.85,STRATEGY:political_favorites,Hold-to-Resolution
PAPER_cms8gztui2smbu2ws06nmstro,polymarket-bot.sqlite,PAPER_BOT,0x4abe18655ec7e4099ca156dec172e4d3644d98ee43e569b47657794a3080ced9,atp-shapova-svrcina-2026-07-30,TENNIS_ATP_MONEYLINE,BUY,1785473790.255,0.79716,14.97,18.779166039440014,0.0,WIN,3.81,0x32d21c404498db353bd2bc47b5a35e7256908850,Hold-to-Resolution
PAPER_cms8k287b2veku2wscfth9fw6,polymarket-bot.sqlite,PAPER_BOT,0x6c590561f656bb78c3e4a3958ba30773b361035eee077f66f184d5603955ea2b,will-abdul-el-sayed-win-wayne-county-in-the-michigan-senate-democratic-primary-20260715181417887,POLITICS_AND_MACRO,BUY,1785478941.178,0.7971600000000001,14.76,18.515730844497966,0.0,LOSS,-14.76,0xecaa8806a9a05049d7d5260a33dc924220e377a9,Hold-to-Resolution
PAPER_cms8oh0wn31ugu2wszgjsyhmw,polymarket-bot.sqlite,PAPER_BOT,3006511,will-abdul-el-sayed-win-wayne-county-in-the-michigan-senate-democratic-primary-20260715181417887,POLITICS_AND_MACRO,BUY,1785486350.039,0.8160000000000001,10.0,12.254901960784313,0.0,LOSS,-10.0,STRATEGY:political_favorites,Hold-to-Resolution
PAPER_cms9leh5a091tu20o2c1fa3yz,polymarket-bot.sqlite,PAPER_BOT,0xf26b46b3b66c819b5108e1078a1a5e81300c0aa5eb8dc7595d576ea123ebb767,mlb-pit-cin-2026-07-31,BASEBALL_MONEYLINE,BUY,1785541658.433,0.71139,20.0,28.113974050801954,0.0,WIN,8.11,0x5268527977f700f9bf9b6d5cd843859e4e70135d,Hold-to-Resolution
PAPER_cms9omlyl0desu20o3n3vyrku,polymarket-bot.sqlite,PAPER_BOT,2896071,will-ralph-norman-be-the-new-republican-nominee-for-senate-in-south-carolina-20260712140628829,POLITICS_AND_MACRO,BUY,1785547076.782,0.76875,10.0,13.008130081300813,0.0,WIN,3.01,STRATEGY:political_favorites,Hold-to-Resolution
PAPER_cms9tn4js0gkuu20ongz62u9a,polymarket-bot.sqlite,PAPER_BOT,0xc1e5b5bbe0b54464e1158336dc64fc50a273e2f405ed95fc605ddfbd3d030bc4,mlb-min-sea-2026-07-31,BASEBALL_MONEYLINE,BUY,1785555498.944,0.79716,20.0,25.089066184956597,0.0,LOSS,-20.0,0x5268527977f700f9bf9b6d5cd843859e4e70135d,Hold-to-Resolution
PAPER_cms9zix1b0nhou20oeispl219,polymarket-bot.sqlite,PAPER_BOT,3195013,will-abdul-el-sayed-win-genesee-county-in-the-michigan-senate-democratic-primary-20260728150251692,POLITICS_AND_MACRO,BUY,1785565380.288,0.71139,10.0,14.056987025400977,0.0,LOSS,-10.0,STRATEGY:political_favorites,Hold-to-Resolution
PAPER_cmsa3b1xk0q3ru20oe0htw644,polymarket-bot.sqlite,PAPER_BOT,0x0fc09a445e3e9d8784de3d47d2db445b8a0aef88561797372e6ceb48045ef780,mlb-pit-cin-2026-08-01-spread-home-1pt5,BASEBALL_SPREADS_TOTALS,BUY,1785571731.831,0.721,5.0,6.934812760055479,0.0,WIN,1.93,0x204f72f35326db932158cba6adff0b9a1da95e14,Hold-to-Resolution
PAPER_cmsabk2he0vkxu20o4tfua6e3,polymarket-bot.sqlite,PAPER_BOT,0xc5c35021d7d8d9467fa6cacb48af3fac2a72ddff620fc4a8a3348ff483178d2a,ufc-lud-tof-2026-08-01,OTHER_MISCELLANEOUS,BUY,1785585589.362,0.721,20.0,27.739251040221916,0.0,LOSS,-20.0,0x300b4292912c123066a380a344b505b0f353f636,Hold-to-Resolution
PAPER_cmsaevnht0y39u20ou67armk9,polymarket-bot.sqlite,PAPER_BOT,0x25e2fed028def38a8969ee51f0db8447254c4633a6eee998156e069e97b80e9e,ufc-bnikol-mar92-2026-08-01,OTHER_MISCELLANEOUS,BUY,1785591168.677,0.69211,20.0,28.897140627934867,0.0,WIN,8.9,0xa71093cafc0c099b4ccab24c3cb8018d817923c4,Hold-to-Resolution
PAPER_cmsagh2ly1079u20o9oodc867,polymarket-bot.sqlite,PAPER_BOT,0x4506d47341a6907c55a9225f824044652644b8d3eaa5b0365ec233c15d26bba8,ufc-den2-bog-2026-08-01,OTHER_MISCELLANEOUS,BUY,1785593847.65,0.68244,20.0,29.30660570892679,0.0,WIN,9.31,0xed107a85a4585a381e48c7f7ca4144909e7dd2e5,Hold-to-Resolution
PAPER_cmsawoxs21cjru20o1ir5oj9o,polymarket-bot.sqlite,PAPER_BOT,2896073,will-russell-fry-be-the-new-republican-nominee-for-senate-in-south-carolina-20260712140628831,POLITICS_AND_MACRO,BUY,1785621088.514,0.8094150999999999,10.0,12.354600253936454,0.0,WIN,2.35,STRATEGY:political_favorites,Hold-to-Resolution
PAPER_cmsbalyfx1magu20oet8xv0jr,polymarket-bot.sqlite,PAPER_BOT,2866170,will-joy-powers-be-the-va-09-democratic-nominee-20260709162042917,OTHER_MISCELLANEOUS,BUY,1785644464.029,0.75924,10.0,13.17106580264475,0.0,WIN,3.17,STRATEGY:political_favorites,Hold-to-Resolution
PAPER_cmsby27ct01j6u2e8ekx8itnr,polymarket-bot.sqlite,PAPER_BOT,3194984,will-francesca-hong-win-the-wisconsin-democratic-governor-primary-by-at-least-30-20260728183722022,OTHER_MISCELLANEOUS,BUY,1785683853.245,0.78771,10.0,12.695027357783955,0.0,WIN,2.7,STRATEGY:political_favorites,Hold-to-Resolution
PAPER_cmsby27hs01j8u2e8nxw29p04,polymarket-bot.sqlite,PAPER_BOT,3195007,will-abdul-el-sayed-win-macomb-county-in-the-michigan-senate-democratic-primary-20260728150015516,POLITICS_AND_MACRO,BUY,1785683853.425,0.7017600000000002,10.0,14.249886000911989,0.0,LOSS,-10.0,STRATEGY:political_favorites,Hold-to-Resolution
PAPER_cmsbz6ccl01stu2e8vrlw0pa3,polymarket-bot.sqlite,PAPER_BOT,0xb29cbff2300faa6cb15806a3f12a8f323e44f33ca7516075328ea945b45b5df2,mlb-mil-laa-2026-08-02,BASEBALL_MONEYLINE,BUY,1785685725.938,0.7017600000000002,5.0,7.124943000455994,0.0,LOSS,-5.0,0x300b4292912c123066a380a344b505b0f353f636,Hold-to-Resolution
PAPER_cmsc456rc06g0u2e8pgkwxqvg,polymarket-bot.sqlite,PAPER_BOT,0x115917ed903554cd1c2b56b884ea1b4e9b4dc3fb182de3fe0dda3139331bce2a,mlb-cws-tb-2026-08-02,BASEBALL_MONEYLINE,BUY,1785694070.115,0.68244,5.0,7.326651427231697,0.0,WIN,2.33,0x224a89dbe0db0d6124b335edabd15b3f877da3d5,Hold-to-Resolution
PAPER_cmsc9cesk020zu2ns56rd2ymh,polymarket-bot.sqlite,PAPER_BOT,0xb29cbff2300faa6cb15806a3f12a8f323e44f33ca7516075328ea945b45b5df2,mlb-mil-laa-2026-08-02,BASEBALL_MONEYLINE,BUY,1785702805.203,0.721,5.0,6.934812760055479,0.0,WIN,1.93,0x901515976ced8fa2025b75140814d79f77e7281f,Hold-to-Resolution
PAPER_cmsc9lc1u0283u2nsgf7fqtna,polymarket-bot.sqlite,PAPER_BOT,0x583760d35b02f8c19aefd2ed36b6a880a97f51b0941c8248c812b237680f5a9a,mlb-nyy-chc-2026-08-02,BASEBALL_MONEYLINE,BUY,1785703221.554,0.74971,5.0,6.669245441570741,0.0,WIN,1.67,0xabb89972b21b304c1bed2bf26f35c8741ac9bba3,Hold-to-Resolution
PAPER_cmsc9wjtx0421u2ns1chnpvuk,polymarket-bot.sqlite,PAPER_BOT,0x83284ee1650d4ed479ba9624d8e79781e6ddeb606236645e2d4a541801730d7f,mlb-det-oak-2026-08-02,BASEBALL_MONEYLINE,BUY,1785703744.858,0.75924,5.0,6.585532901322375,0.0,WIN,1.59,0xbca08c1bc204a34f2fddbe47b438b9bd42ac9705,Hold-to-Resolution
PAPER_cmscbqbup06zru2nsjo329wl1,polymarket-bot.sqlite,PAPER_BOT,0x7732f9ae6a3cd12fbb2e293257a34bc99e5bd23f37a6e53f19619b2668f4742e,mlb-sf-sd-2026-08-02,BASEBALL_MONEYLINE,BUY,1785706813.802,0.721,20.0,27.739251040221916,0.0,WIN,7.74,0x224a89dbe0db0d6124b335edabd15b3f877da3d5,Hold-to-Resolution
PAPER_cmscieu200n84u2ns7oxzieya,polymarket-bot.sqlite,PAPER_BOT,0x3c6d94d69450d7a4c235efde3d2f4aa13f157cba253a4292971659999b92fd4c,mlb-bos-lad-2026-08-02,BASEBALL_MONEYLINE,BUY,1785718034.837,0.721,5.0,6.934812760055479,0.0,WIN,1.93,0xe9076a87c5ed90ef16e6fe6529c943baeca0cff6,Hold-to-Resolution
PAPER_cmscx2k5y1k4ou2nsidd5si7r,polymarket-bot.sqlite,PAPER_BOT,0xaafb4b5acfaa9ac5f3800cf5d78c0cc0fc6ec9fbe1c7a5e88251537d28f2ca19,will-amanda-janoo-win-the-2026-vermont-governor-democratic-primary-election,PREMATURE_STOP_LOSS_CUTS,BUY,1785742656.379,0.6649835999999999,5.0,7.518982423025171,0.0,LOSS (STOP_LOSS),-3.83,0x9f208e85f326f865077fffa68b32d8b0e2bc12c3,Premature Stop Loss Cut
PAPER_cmsdcdtm62i4cu2nsuual499r,polymarket-bot.sqlite,PAPER_BOT,0xaf786b32fa8bb5295fa35a0f18fb65ba3df11e9d6e2b1ad8006d1d4d46dccc01,atp-barrena-skatov-2026-08-03,TENNIS_ATP_MONEYLINE,BUY,1785768376.089,0.75924,5.0,6.585532901322375,0.0,LOSS,-5.0,0xa0f21e6d351baa9185716b5c00c2925ed9621848,Hold-to-Resolution
PAPER_cmsdd1d5e2k44u2ns9265l5ry,polymarket-bot.sqlite,PAPER_BOT,0x5e35056cda3e357545dda3ccff224b4e9b752085611f1cd599b6c0c477fd0641,atp-berrett-navone-2026-08-03,TENNIS_ATP_MONEYLINE,BUY,1785769474.5,0.69211,5.0,7.224285156983717,0.0,LOSS,-5.0,0x6f3e7f25baa7d2d49e15e2d2957ff3dec62cbcf8,Hold-to-Resolution
PAPER_cmsdf9ola2p02u2ns3ehpjbka,polymarket-bot.sqlite,PAPER_BOT,0x3ae7bef33828643f7bcd1debf9a5a95f76bd263a850421cb9667523f4f22b325,wta-jacquem-lee-2026-08-03,TENNIS_WTA_MONEYLINE,BUY,1785773221.801,0.7017600000000002,5.0,7.124943000455994,0.0,WIN,2.12,0xa0f21e6d351baa9185716b5c00c2925ed9621848,Hold-to-Resolution
PAPER_cmsdfkx2l2p94u2ns46hyyjs3,polymarket-bot.sqlite,PAPER_BOT,0x136cbbe2aa639c6d76fbe21041f67a627bffa217b3682b90992c3d3761562271,wta-kalinin-bondar-2026-08-03,TENNIS_WTA_MONEYLINE,BUY,1785773746.014,0.74971,5.0,6.669245441570741,0.0,WIN,1.67,0x7b1036b62136cad4ac4b86668c3dcb9e84e2acab,Hold-to-Resolution
PAPER_cmsdlx2hm33nku2nswo7xcuy7,polymarket-bot.sqlite,PAPER_BOT,0xfcb56ecdc4276a3a088c5230df51d92468b7467cb90e691c7cc89cba98bf7c3f,atp-demanet-vasilev-2026-08-03,TENNIS_ATP_MONEYLINE,BUY,1785784390.603,0.6727500000000001,5.0,7.432181345224823,0.0,WIN,2.43,0x7b1036b62136cad4ac4b86668c3dcb9e84e2acab,Hold-to-Resolution
PAPER_cmsdo6tmm38dku2nsd2b5vofh,polymarket-bot.sqlite,PAPER_BOT,0x0a6b3a95a725305393019f2fd6fc10fadc6e57aa1c9dbad5affdf77f156ad29e,will-75-99-ships-transit-the-strait-of-hormuz-between-august-3-august-9-20260730202036146,OTHER_MISCELLANEOUS,BUY,1785788204.879,0.72,5.0,6.944444444444445,0.0,WIN,1.94,0x764b305694b026c1acce7bf862c3b5456a146bad,Hold-to-Resolution
PAPER_cmsdu83my3l15u2nsvkst850y,polymarket-bot.sqlite,PAPER_BOT,0xbee479a3b0461f1500fe0cff9c1448e1bcc92761c3a67761b7e27a6dc351e148,mlb-wsh-phi-2026-08-03,BASEBALL_MONEYLINE,BUY,1785798342.236,0.71139,5.0,7.028493512700488,0.0,LOSS,-5.0,0xbca08c1bc204a34f2fddbe47b438b9bd42ac9705,Hold-to-Resolution
PAPER_cmsdvv4wk3pf7u2nstx505bko,polymarket-bot.sqlite,PAPER_BOT,0xec2f2278740a5f62a683ae6fe33960b8368e48bcbb66205987cda5ff09568da4,wta-valento-townsen-2026-08-03,TENNIS_WTA_MONEYLINE,BUY,1785801096.584,0.74971,5.0,6.669245441570741,0.0,WIN,1.67,0xa0f21e6d351baa9185716b5c00c2925ed9621848,Hold-to-Resolution
PAPER_cmse0mul43ziku2nsi9ml9u7f,polymarket-bot.sqlite,PAPER_BOT,0xf9f2cf3fe21c5544b12b98fead60cf1d28f104094418b050e93ab94bcbe632c4,atp-vukic-altmaie-2026-08-02,TENNIS_ATP_MONEYLINE,BUY,1785809108.042,0.74971,5.0,6.669245441570741,0.0,LOSS,-5.0,0x7b1036b62136cad4ac4b86668c3dcb9e84e2acab,Hold-to-Resolution
PAPER_cmse0murr3zjgu2nsscrueesq,polymarket-bot.sqlite,PAPER_BOT,0xbbf84b087712b034fc20b72ea2f410031b09dbedad7db1e13b1aa88a2d76c3e6,will-james-fishback-finish-second-in-the-florida-republican-governor-primary-20260710143927097,OTHER_MISCELLANEOUS,BUY,1785809108.283,0.6727500000000001,5.0,7.432181345224823,0.0,WIN,2.43,0x9f208e85f326f865077fffa68b32d8b0e2bc12c3,Hold-to-Resolution
PAPER_cmse1pgml41wiu2ns87ohiqii,polymarket-bot.sqlite,PAPER_BOT,0x380bfc9fda1c7c63344cfee0c8965f30f6d0e6bdba3f8d15dc0928842624b9f1,wta-maria-mcnally-2026-08-03,TENNIS_WTA_MONEYLINE,BUY,1785810909.532,0.74016,5.0,6.755296152183312,0.0,LOSS,-5.0,0x7b1036b62136cad4ac4b86668c3dcb9e84e2acab,Hold-to-Resolution
PAPER_cmsejx7h7568gu2nsjmpaoixb,polymarket-bot.sqlite,PAPER_BOT,0xb48f757e792ccd13395d3c5702257293d19f3dc768a8726861940d3433193cda,atp-gerardc-marino-2026-08-04,TENNIS_ATP_MONEYLINE,BUY,1785841504.003,0.78771,5.0,6.3475136788919775,0.0,WIN,1.35,0x04e6840687847a98f9ecfbb512a8c8b98d073914,Hold-to-Resolution
PAPER_cmsejx7ws56a2u2nsj597h2q2,polymarket-bot.sqlite,PAPER_BOT,0x4ffee2ac3a487fa40e5ff73c1b651d3aa45615943377c9b250c41aa295121e96,atp-mcdona-kym-2026-08-03,TENNIS_ATP_MONEYLINE,BUY,1785841504.567,0.71139,5.0,7.028493512700488,0.0,WIN,2.03,0x04e6840687847a98f9ecfbb512a8c8b98d073914,Hold-to-Resolution
PAPER_cmsejx88p56b4u2ns0hr83vgn,polymarket-bot.sqlite,PAPER_BOT,0x932cbd6d251b0f4e2f9c1d28b15a3c700ee12bff5adac0e1a5b472cf4119609e,atp-bruncli-carboni-2026-08-03,TENNIS_ATP_MONEYLINE,BUY,1785841504.995,0.71139,5.0,7.028493512700488,0.0,WIN,2.03,0x04e6840687847a98f9ecfbb512a8c8b98d073914,Hold-to-Resolution
PAPER_cmsendk255dgru2nsvu4dum25,polymarket-bot.sqlite,PAPER_BOT,0x04afbfddbcb1137fecba91dd38c80f984a804545592033a063b24fe51afaa7f3,atp-taberne-torres-2026-08-04,TENNIS_ATP_MONEYLINE,BUY,1785847305.66,0.71139,5.0,7.028493512700488,0.0,LOSS,-5.0,0x56acab44cfca2e88bb9b3406890aea7bfa0cd77e,Hold-to-Resolution
PAPER_cmsf1myom0jhru2jw3gxeadj0,polymarket-bot.sqlite,PAPER_BOT,0x5dc212b712dcf514432221436140eec9717aea8f9fbead457c858d14ee519b90,us-announces-end-of-iranian-blockade-by-august-7-2026-20260727171523690,OTHER_MISCELLANEOUS,BUY,1785871259.138,0.619,5.0,8.077544426494345,0.0,WIN,3.08,0x30c16e063c3be66d93acf14c06e2741e348f9f91,Hold-to-Resolution
PAPER_cmsf25trs0ju3u2jw2a3drkgy,polymarket-bot.sqlite,PAPER_BOT,0x407a57edbe2b72c403cfee2c0f43e4b54f1b70a2531c7ad598849c3a70c2ad99,will-han-feng-win-the-2026-wsop-main-event-20260714164320768,OTHER_MISCELLANEOUS,BUY,1785872139.241,0.7829775,5.0,6.385879543154178,0.0,WIN,1.39,0x558f2f82cf0394c28ce3c8e117ee747aeab51a56,Hold-to-Resolution
PAPER_cmsha47cd01eku2ns3oqq8ms7,polymarket-bot.sqlite,PAPER_BOT,3194985,will-francesca-hong-win-the-wisconsin-democratic-governor-primary-by-2530-20260728183722023,OTHER_MISCELLANEOUS,BUY,1786006432.813,0.8160000000000001,10.0,12.254901960784313,0.0,WIN,2.25,STRATEGY:political_favorites,Hold-to-Resolution
PAPER_cmsj6bznj01emu2vgzvzbttju,polymarket-bot.sqlite,PAPER_BOT,907993,will-mike-lindell-win-the-2026-minnesota-governor-republican-primary-election,PREMATURE_STOP_LOSS_CUTS,BUY,1786121009.983,0.73059,10.0,13.687567582364938,0.0,LOSS (STOP_LOSS),-6.44,STRATEGY:political_favorites,Premature Stop Loss Cut
PAPER_cmsj6bzs301eou2vg02pox71n,polymarket-bot.sqlite,PAPER_BOT,799420,will-angie-craig-be-the-democratic-nominee-for-senate-in-minnesota,POLITICS_AND_MACRO,BUY,1786121010.148,0.721,10.0,13.869625520110958,0.0,WIN,3.87,STRATEGY:political_favorites,Hold-to-Resolution
PAPER_cmsj8eppe01ecu28c7efvqe77,polymarket-bot.sqlite,PAPER_BOT,799419,will-peggy-flanagan-be-the-democratic-nominee-for-senate-in-minnesota,POLITICS_AND_MACRO,BUY,1786124496.29,0.73059,10.0,13.687567582364938,0.0,WIN,3.69,STRATEGY:political_favorites,Hold-to-Resolution
PAPER_cmsje9zgt0am1u2g0fi6yfagp,polymarket-bot.sqlite,PAPER_BOT,0xc3d4ea1d592f030ba20a226a4825b83ee10dd0fd428650e60011109c8a617346,mlb-tor-phi-2026-08-07,BASEBALL_MONEYLINE,BUY,1786134353.341,0.68244,20.0,29.30660570892679,0.0,LOSS,-20.0,0x2117ae94a97d69b78cbc81b6680a62deb1955c26,Hold-to-Resolution
PAPER_cmsjg22w90efzu2g09vsb6drj,polymarket-bot.sqlite,PAPER_BOT,0xf7f95ada8db60d1e43a221971b602e5d6f04cb0e6ae33c0f05ede04c0183ee3d,wta-townsen-bencic-2026-08-07,TENNIS_WTA_MONEYLINE,BUY,1786137343.77,0.74971,5.0,6.669245441570741,0.0,WIN,1.67,0x2117ae94a97d69b78cbc81b6680a62deb1955c26,Hold-to-Resolution
PAPER_cmsjjh6bz0kupu2g0ytrbwgbu,polymarket-bot.sqlite,PAPER_BOT,0x9538cc4a742c4f307eca41288725d327b81076cb4e321967b62fe042c827b241,atp-ruud-fonseca-2026-08-07-set-handicap-away-1pt5,TENNIS_SPREADS_HANDICAPS,BUY,1786143086.914,0.6727500000000001,5.0,7.432181345224823,0.0,LOSS,-5.0,0xef2684030d14a67c2a30a3e4fc00eed7a99505ba,Hold-to-Resolution
PAPER_cmsjlpbgi0p91u2g0gb2t1rd5,polymarket-bot.sqlite,PAPER_BOT,0x538589f4b0ba89623a2067830f6e137c0ed13eb4414cb8d5755abf19e9f94419,mlb-min-mil-2026-08-07,BASEBALL_MONEYLINE,BUY,1786146826.033,0.7709239318863981,5.0,6.485724198190789,0.0,LOSS,-5.0,0x2005d16a84ceefa912d4e380cd32e7ff827875ea,Hold-to-Resolution
PAPER_cmsjn35is0rg9u2g0ga5fg2zm,polymarket-bot.sqlite,PAPER_BOT,0x396c671d5f43d443da553cecd9a2922ae6f3ef60fef77961d47c554241817409,mlb-cle-cws-2026-08-07,BASEBALL_MONEYLINE,BUY,1786149151.141,0.721,5.0,6.934812760055479,0.0,WIN,1.93,0x22a4827ca94ba6e9f77f5dd9f49e6512b8e163eb,Hold-to-Resolution
PAPER_cmsjnznh40tf7u2g043mtclv8,polymarket-bot.sqlite,PAPER_BOT,0x2b392288c099346c2e1e9518573bda23a6676019eb95607e2951c00a04d7a791,mlb-col-stl-2026-08-07,BASEBALL_MONEYLINE,BUY,1786150667.398,0.73059,5.0,6.843783791182469,0.0,WIN,1.84,0x22a4827ca94ba6e9f77f5dd9f49e6512b8e163eb,Hold-to-Resolution
PAPER_cmsjpmeed0vzru2g0pxfyyi7q,polymarket-bot.sqlite,PAPER_BOT,0x85103a46008451b326ce5cac11e4377e7c06baef3631a6a78e6ddfc593d68a5d,mlb-cin-wsh-2026-08-07,BASEBALL_MONEYLINE,BUY,1786153408.336,0.6630400000000001,5.0,7.541023166023165,0.0,WIN,2.54,0x204f72f35326db932158cba6adff0b9a1da95e14,Hold-to-Resolution
PAPER_cmsjpmeuy0w1ju2g0m1siu3x2,polymarket-bot.sqlite,PAPER_BOT,0x245f6821181eacc48ce9732c2c4bda63295ad28d4ef78acbef987764bfd6d143,mlb-bal-tex-2026-08-07,BASEBALL_MONEYLINE,BUY,1786153408.939,0.69211,5.0,7.224285156983717,0.0,LOSS,-5.0,0x204f72f35326db932158cba6adff0b9a1da95e14,Hold-to-Resolution
PAPER_cmsjt6cv805pvu20gt0yo71ay,polymarket-bot.sqlite,PAPER_BOT,907983,will-lisa-demuth-win-the-2026-minnesota-governor-republican-primary-election,PREMATURE_STOP_LOSS_CUTS,BUY,1786159378.34,0.74016,10.0,13.510592304366623,0.0,LOSS (STOP_LOSS),-6.36,STRATEGY:political_favorites,Premature Stop Loss Cut
PAPER_cmsjuhexv07vku20g138vtxy7,polymarket-bot.sqlite,PAPER_BOT,787549,will-matt-little-be-the-democratic-nominee-for-mn-02,OTHER_MISCELLANEOUS,BUY,1786161573.859,0.77824,10.0,12.849506578947368,0.0,WIN,2.85,STRATEGY:political_favorites,Hold-to-Resolution
PAPER_cmsjwz9210aowu20g67l0bqhq,polymarket-bot.sqlite,PAPER_BOT,0xc04094452b0386a73a9a6e07da0370fffb2722e05c837a5246b88c914e78b79f,ufc-isl-ian1-2026-08-15,OTHER_MISCELLANEOUS,BUY,1786165765.256,0.77824,5.0,6.424753289473684,0.0,WIN,1.42,0xe9076a87c5ed90ef16e6fe6529c943baeca0cff6,Hold-to-Resolution
PAPER_cmsjyjg0r0ebhu20g9i79b254,polymarket-bot.sqlite,PAPER_BOT,3045818,will-darline-graham-win-the-south-carolina-republican-senate-special-primary-20260721172033651,POLITICS_AND_MACRO,BUY,1786168387.035,0.71139,10.0,14.056987025400977,0.0,WIN,4.06,STRATEGY:political_favorites,Hold-to-Resolution
PAPER_cmsme1wr803isu28cvfxlsm6t,polymarket-bot.sqlite,PAPER_BOT,3068944,will-john-nagel-be-the-mn-05-republican-nominee-20260723154244854,OTHER_MISCELLANEOUS,BUY,1786315375.124,0.75924,10.0,13.17106580264475,0.0,LOSS,-10.0,STRATEGY:political_favorites,Hold-to-Resolution
PAPER_cmsmgqglc07sgu28cd1sy1lvp,polymarket-bot.sqlite,PAPER_BOT,3045820,will-ralph-norman-win-the-first-round-of-the-south-carolina-republican-senate-special-primary-20260722223241471,POLITICS_AND_MACRO,BUY,1786319879.808,0.7017600000000002,10.0,14.249886000911989,0.0,WIN,4.25,STRATEGY:political_favorites,Hold-to-Resolution
PAPER_cmsmx3pqk0l59u2fc9q9p7nem,polymarket-bot.sqlite,PAPER_BOT,0xbd4caa8f7916cbae0f4b25a276cd4bf87db7146c7f86e84237b8402baf22e03c,will-team-vision-win-the-international-2026-20260629212053622,OTHER_MISCELLANEOUS,BUY,1786347372.02,0.77824,5.0,6.424753289473684,0.0,WIN,1.42,0x9f208e85f326f865077fffa68b32d8b0e2bc12c3,Hold-to-Resolution
PAPER_cmsmxatjt0l5fu23s2xjubc1l,polymarket-bot.sqlite,PAPER_BOT,0xb399b9ee1a7682261875b1c6bf172c91f999f4c27c358f4cbf2f8b1523447e7a,will-team-yandex-win-the-international-2026-20260629212053620,OTHER_MISCELLANEOUS,BUY,1786347703.559,0.79716,5.0,6.272266546239149,0.0,WIN,1.27,0x558f2f82cf0394c28ce3c8e117ee747aeab51a56,Hold-to-Resolution
PAPER_cmsn0vmgn0sa4u2fch92owubd,polymarket-bot.sqlite,PAPER_BOT,3402192,yabloko-effectively-banned-from-2026-russian-elections-by-september-17-20260807161302974,POLITICS_AND_MACRO,BUY,1786353713.015,0.721,10.0,13.869625520110958,0.0,WIN,3.87,STRATEGY:political_favorites,Hold-to-Resolution
PAPER_cmsnyuj0l2fepu2fcy7cpfdl0,polymarket-bot.sqlite,PAPER_BOT,0xb0854b6d46b3d7adfebb3c5212718659c6bdb88635e025fc758b49779c5fe288,mlb-nym-atl-2026-08-10,BASEBALL_MONEYLINE,BUY,1786410768.816,0.7017600000000002,5.0,7.124943000455994,0.0,WIN,2.12,0x204f72f35326db932158cba6adff0b9a1da95e14,Hold-to-Resolution
PAPER_cmsnyzfnu2fh3u2fc3fgs5ym8,polymarket-bot.sqlite,PAPER_BOT,0x90434cd7a7a329acbdc904829ef9828f700d2e190d6a1e03f06a834adee4d5b9,mlb-bal-min-2026-08-10,BASEBALL_MONEYLINE,BUY,1786410997.755,0.73059,5.0,6.843783791182469,0.0,WIN,1.84,0x633e96a4b7ae543522358282eafa023fe61bd305,Hold-to-Resolution
PAPER_cmso2mlhi03x5u23ct24vwlss,polymarket-bot.sqlite,PAPER_BOT,0x8502d42b05ae4df3f4d1b7cddff5579bbeea7e76997db52be8af729ef1aea8f9,mlb-mil-sd-2026-08-10,BASEBALL_MONEYLINE,BUY,1786417117.241,0.74016,5.0,6.755296152183312,0.0,LOSS,-5.0,0x22a4827ca94ba6e9f77f5dd9f49e6512b8e163eb,Hold-to-Resolution
PAPER_cmso2s3tr045bu2tgy1sq2von,polymarket-bot.sqlite,PAPER_BOT,0xcb3dc8ab6eb182f5e36dcacf90f600708452c795fe520f92f55dce10ebe0e589,mlb-tb-oak-2026-08-10,BASEBALL_MONEYLINE,BUY,1786417374.281,0.73059,5.0,6.843783791182469,0.0,LOSS,-5.0,0xbca08c1bc204a34f2fddbe47b438b9bd42ac9705,Hold-to-Resolution
PAPER_cmsofvd6n0pc3u23c3l2de8si,polymarket-bot.sqlite,PAPER_BOT,0xea6437e6d6dd33b7bf1b9875fb0100378c64b99fa0db87dc9d99bc900c0d8d00,wta-montgom-grabher-2026-08-11,TENNIS_WTA_MONEYLINE,BUY,1786439361.388,0.76875,5.0,6.504065040650406,0.0,WIN,1.5,0xb7aba0e44edb6773c3b3a8308aae8a24781fa2d1,Hold-to-Resolution
PAPER_cmsojfmvr0vuvu2tgg9ilrwi7,polymarket-bot.sqlite,PAPER_BOT,0xf8dc29b283cc6bc95c42b9698da34d14b04c2bae919e2871780ec15fc8105e39,will-bitcoin-dip-to-62k-august-10-16-2026,OTHER_MISCELLANEOUS,BUY,1786445345.931,0.721,5.0,6.934812760055479,0.0,WIN,1.93,0x744c072005bde6ddab8764a7477f61d3d22ae37f,Hold-to-Resolution
PAPER_cmsokz11r0yetu23cp1jv83rh,polymarket-bot.sqlite,PAPER_BOT,0xae45fd2d26a5fa767d46c085c1405a2ba9cd17c71270f1f380416ae08f50065b,ucl-bog-usg-2026-08-11-team-to-advance,SOCCER_2WAY_DERIVATIVES,BUY,1786447930.365,0.74971,5.0,6.669245441570741,0.0,WIN,1.67,0x64e93f87d8a0c1b2cde6f20d71f211372a95eb4c,Hold-to-Resolution
PAPER_cmsoskq4f1a6bu23cy7ew7dz6,polymarket-bot.sqlite,PAPER_BOT,0x37fa573f44b8faa34723af9d754381577958f7d96c00a3f3f00bdf27b353d6c9,mlb-kc-lad-2026-08-11,BASEBALL_MONEYLINE,BUY,1786460699.934,0.74016,20.0,27.021184608733247,0.0,WIN,7.02,0x27f738fe203827445690339104aae35b20bc44b0,Hold-to-Resolution
PAPER_cmsq5r16k0j2nu2p4zr44tal5,polymarket-bot.sqlite,PAPER_BOT,0x987f24d77f17d9086dabc50d1d6680121be6279f55522f3c58298fc9e1c14fa5,atp-jodar-nakashi-2026-08-12,TENNIS_ATP_MONEYLINE,BUY,1786543295.404,0.70176,14.18,20.206338349293205,0.0,LOSS,-14.18,0xe8c4d68aff65b38cac46987b9b65e01eb47d395d,Hold-to-Resolution
PAPER_cmsqaqu1e0smvu2p4bdm3t7b8,polymarket-bot.sqlite,PAPER_BOT,0x83a110d88c0ed8cbc1eed293743fce378ca604fe31194d512ddbf466fb0c58db,mlb-tb-oak-2026-08-12,BASEBALL_MONEYLINE,BUY,1786551684.215,0.69211,12.79,18.479721431564347,0.0,WIN,5.69,0xc3c3b3ef304ddbea39fa2246e683a71da5d0eec8,Hold-to-Resolution
PAPER_cmsr8ep3m0p22u25cctqgsge6,polymarket-bot.sqlite,PAPER_BOT,907599,will-eric-barlow-win-the-2026-wyoming-governor-republican-primary-election,POLITICS_AND_MACRO,BUY,1786608224.915,0.7439823999999999,10.0,13.441178178408522,0.0,WIN,3.44,STRATEGY:political_favorites,Hold-to-Resolution
PAPER_cmsrc9rhh0w56u25c1cwuo8wt,polymarket-bot.sqlite,PAPER_BOT,907604,will-megan-degenfelder-win-the-2026-wyoming-governor-republican-primary-election,POLITICS_AND_MACRO,BUY,1786614713.189,0.7801356,10.0,12.81828441106905,0.0,WIN,2.82,STRATEGY:political_favorites,Hold-to-Resolution
PAPER_cmsrzrca422m1u25cb39nq9nt,polymarket-bot.sqlite,PAPER_BOT,0x86c081317bffe50f09afed5d8d89a2bdb540c1e35c36fc14d1e0e9494fe9c95a,atp-shapova-mannari-2026-08-13,TENNIS_ATP_MONEYLINE,BUY,1786654164.436,0.64356,14.98,23.276772950463048,0.0,WIN,8.3,0xb272505077cc2c6bde5acca133ea6364152e5030,Hold-to-Resolution
PAPER_cmss2zsyb280au25c7xqw1los,polymarket-bot.sqlite,PAPER_BOT,0x0a061d09daa5ac4221fa7ea0d7abf84ab2ac42af0817a001d4c0dd3262be2cd8,will-bitcoin-reach-67pt5k-in-august-2026,OTHER_MISCELLANEOUS,BUY,1786659598.145,0.70176,13.57,19.33709530323757,0.0,LOSS,-13.57,0x744c072005bde6ddab8764a7477f61d3d22ae37f,Hold-to-Resolution
PAPER_cmss75n1w2gsgu25cngrnbfl8,polymarket-bot.sqlite,PAPER_BOT,0xf13284a9605afe362c0ca146dd8e998ac3e4d411625ced4a92f39706bc673a6b,will-bitcoin-reach-65k-in-august-2026-from-august-10,OTHER_MISCELLANEOUS,BUY,1786666588.89,0.73059,14.52,19.87434812959389,0.0,WIN,5.35,0x1465b79bff7992bc703e1aafb3683b1089647072,Hold-to-Resolution
PAPER_cmsuzh2pk0mi4u2xsi12iukkt,polymarket-bot.sqlite,PAPER_BOT,1006908,will-thomas-chalifoux-be-the-republican-nominee-for-fl-09,OTHER_MISCELLANEOUS,BUY,1786835084.024,0.74016,10.0,13.510592304366623,0.0,WIN,3.51,STRATEGY:political_favorites,Hold-to-Resolution
PAPER_cmsvjpwpk0olsu20wt4j9kx87,polymarket-bot.sqlite,PAPER_BOT,3006436,will-austin-rogers-be-the-fl-02-republican-nominee-20260717204308971,OTHER_MISCELLANEOUS,BUY,1786869088.47,0.79716,10.0,12.544533092478298,0.0,WIN,2.54,STRATEGY:political_favorites,Hold-to-Resolution
PAPER_cmsvmwbul0t86u20w2j5n4eu0,polymarket-bot.sqlite,PAPER_BOT,3069676,will-steve-friess-be-the-wy-al-republican-nominee-20260723165335303,OTHER_MISCELLANEOUS,BUY,1786874426.877,0.69211,10.0,14.448570313967434,0.0,WIN,4.45,STRATEGY:political_favorites,Hold-to-Resolution
PAPER_cmsw731q51uczu20w3rodfcgd,polymarket-bot.sqlite,PAPER_BOT,0x542ea9fe1a48c357b45072ba9408b7e1eebee1252fe04882c3f50218ccd297fc,atp-sonego-tiafoe-2026-08-16,TENNIS_ATP_MONEYLINE,BUY,1786908330.437,0.63379,13.31,21.000646901970686,0.0,WIN,7.69,0xc3c3b3ef304ddbea39fa2246e683a71da5d0eec8,Hold-to-Resolution
PAPER_cmsw9b9v41yw4u20wazm7ta1i,polymarket-bot.sqlite,PAPER_BOT,3069670,will-chuck-gray-be-the-wy-al-republican-nominee-20260723165335297,OTHER_MISCELLANEOUS,BUY,1786912075.697,0.7017600000000002,10.0,14.249886000911989,0.0,WIN,4.25,STRATEGY:political_favorites,Hold-to-Resolution
PAPER_cmsw9pq471yxzu20w5x03n1ns,polymarket-bot.sqlite,PAPER_BOT,0x34fbb798e5b3ddb9aeeca5ccd3c6fe034751333a1273e508a7b51cf5cc65c20f,mlb-col-sf-2026-08-16,BASEBALL_MONEYLINE,BUY,1786912749.883,0.6630400000000001,20.0,30.16409266409266,0.0,WIN,10.16,0x224a89dbe0db0d6124b335edabd15b3f877da3d5,Hold-to-Resolution
PAPER_cmswb5hyx21kru20w9047lugw,polymarket-bot.sqlite,PAPER_BOT,0x394faeb9877b15aa5acd07122b0c9755036c6ec6e61067914c70ea48aa6761e8,mls-nyc-phi-2026-08-16-nyc,SOCCER_3WAY_BACK_YES,BUY,1786915165.483,0.68244,12.66,18.55108141375066,0.0,WIN,5.89,0x547f2917d51f2e63ab382dcf641d4e0240162937,Hold-to-Resolution
PAPER_cmswicbkh2f6cu20w68zfa2qq,polymarket-bot.sqlite,PAPER_BOT,2875012,will-jay-collins-finish-second-in-the-florida-republican-governor-primary-20260710143927094,OTHER_MISCELLANEOUS,BUY,1786927241.106,0.7975552936337174,10.0,12.538315625038742,0.0,WIN,2.54,STRATEGY:political_favorites,Hold-to-Resolution
PAPER_cmswjm0t22hm0u20wyg5ed2c2,polymarket-bot.sqlite,PAPER_BOT,2875015,will-james-fishback-finish-second-in-the-florida-republican-governor-primary-20260710143927097,OTHER_MISCELLANEOUS,BUY,1786929373.334,0.8160000000000001,10.0,12.254901960784313,0.0,WIN,2.25,STRATEGY:political_favorites,Hold-to-Resolution
PAPER_cmswn7gdn04mvu280xqwg76yq,polymarket-bot.sqlite,PAPER_BOT,0x8db706b23a24ae07be441d240e3168e55c2ad8b6dd32a1341198122b58be3df0,wta-valento-svitoli-2026-08-16,TENNIS_WTA_MONEYLINE,BUY,1786935412.128,0.71139,14.42,20.270175290628206,0.0,LOSS,-14.42,0xfe787d2da716d60e8acff57fb87eb13cd4d10319,Hold-to-Resolution
PAPER_cmswxalgt0n1mu280pbd199pb,polymarket-bot.sqlite,PAPER_BOT,0x1144adfcb0b72dc0832e54d07fd7939b56f27fbd835d0b9f25d10c8f05ee87a1,epl-mac-bou-2026-08-23-total-2pt5,SOCCER_2WAY_DERIVATIVES,BUY,1786952354.842,0.7017600000000002,12.92,18.41085271317829,0.0,WIN,5.49,0xe9076a87c5ed90ef16e6fe6529c943baeca0cff6,Hold-to-Resolution
PAPER_cmsx62ngz14b0u280wzj96dsm,polymarket-bot.sqlite,PAPER_BOT,0x1cc71c84c39b6fb700a565c4d63b04dd2baa52e78fb9b7a97d8005aa27fc2ff8,wta-noskova-tauson-2026-08-17,TENNIS_WTA_MONEYLINE,BUY,1786967100.743,0.71139,20.0,28.113974050801954,0.0,WIN,8.11,0xe9076a87c5ed90ef16e6fe6529c943baeca0cff6,Hold-to-Resolution
PAPER_cmsxhgoap1rbmu2808pnddn0j,polymarket-bot.sqlite,PAPER_BOT,0x36fc2020db287a9af339df0cd043afbe27c045ea29a6191c11051341149c8d9c,atp-jodar-tabilo-2026-08-17,TENNIS_ATP_MONEYLINE,BUY,1786986230.76,0.71139,14.33,20.1436624073996,0.0,WIN,5.81,0xc3c3b3ef304ddbea39fa2246e683a71da5d0eec8,Hold-to-Resolution
PAPER_cmsxki9de1wt1u280h315f3wj,polymarket-bot.sqlite,PAPER_BOT,0xf6a5d5755cadea076f4728161a278862c164f147ecfaf316765f71a685cd9a7e,mlb-lad-col-2026-08-17,BASEBALL_MONEYLINE,BUY,1786991343.588,0.74016,20.0,27.021184608733247,0.0,WIN,7.02,0xc3c3b3ef304ddbea39fa2246e683a71da5d0eec8,Hold-to-Resolution
PAPER_cmsy84ztq0ebeu2ngz0rov24n,polymarket-bot.sqlite,PAPER_BOT,0x322608a33fb21e3191254ba9cb71003f5c7609047b7d716b725ce38e09c2abfa,ucl-pls-aek1-2026-08-18-pls,SOCCER_3WAY_BACK_YES,BUY,1787031035.465,0.73059,13.49,18.464528668610303,0.0,WIN,4.97,0x86dab59a8a6e7f9947282d2117aab3429b706428,Hold-to-Resolution
PAPER_cmsyvbt7i1kj5u2nglzc9kjap,polymarket-bot.sqlite,PAPER_BOT,0xe8ed669b29a92bc3793d8cab1d9878442f1f0d37434819a2ba430d5ee25db819,atp-zheng-musetti-2026-08-18,TENNIS_ATP_MONEYLINE,BUY,1787069984.655,0.68244,14.13,20.705116933356777,0.0,WIN,6.58,0x7523cafcee7bcf2db9a79d80e0d79b88a9a54c4c,Hold-to-Resolution
PAPER_cmsz6lzi924shu2ng742ziltp,polymarket-bot.sqlite,PAPER_BOT,0x2b4f11acd73dbc13bf39a26e9485b497229dac4a39e2426ca06c05e8926bf930,wta-bejlek-alexand-2026-08-18,TENNIS_WTA_MONEYLINE,BUY,1787088935.159,0.69211,14.65,21.16715550996229,0.0,LOSS,-14.65,0x633e96a4b7ae543522358282eafa023fe61bd305,Hold-to-Resolution
PAPER_cmszegchh2jo2u2ng94izq2cy,polymarket-bot.sqlite,PAPER_BOT,0xebd7653a13838fa5838537370b9b09fe91169e02171b8c62f7ff4018ebee59c7,mlb-atl-min-2026-08-18,BASEBALL_MONEYLINE,BUY,1787102108.963,0.74971,20.0,26.676981766282964,0.0,WIN,6.68,0xe9076a87c5ed90ef16e6fe6529c943baeca0cff6,Hold-to-Resolution
PAPER_cmt00ig2410f5u26ssknhp6ys,polymarket-bot.sqlite,PAPER_BOT,0x6ba65a7049efce2478c582e337566b1bbfae2f4c91e1b5278710beedd518dcaf,lol-png1-fur-2026-08-22,ESPORTS_LEAGUE_OF_LEGENDS,BUY,1787139158.41,0.7315563878827791,15.41,21.064678342292353,0.0,WIN,5.65,0x7e5e420a5cde8a322f3b5b93a12a164827f47315,Hold-to-Resolution
PAPER_cmt0apd141jgju26sexnt4n1m,polymarket-bot.sqlite,PAPER_BOT,0x59825e55dd8f5f6117a5bab71bcb9b2b046f4e6c91576e180ca85e7c62dff1eb,mls-por-sdg-2026-08-19-sdg,SOCCER_3WAY_BACK_YES,BUY,1787156277.292,0.73059,13.3,18.20446488454537,0.0,WIN,4.9,0x1b47e9b128e6b671edebfb2cac23dd3efc40d814,Hold-to-Resolution
PAPER_cmt0d92ol1o2fu26shmeqhz66,polymarket-bot.sqlite,PAPER_BOT,0x0311b70ca63e8a784b3d7c0813048209db9af94ca5077c42dde8daed37704e86,ucl-nec-bog-2026-08-19-nec,SOCCER_3WAY_BACK_YES,BUY,1787160556.232,0.68244,12.66,18.55108141375066,0.0,WIN,5.89,0x1b47e9b128e6b671edebfb2cac23dd3efc40d814,Hold-to-Resolution
PAPER_cmt1uukal1owxu2gw9z9eah1u,polymarket-bot.sqlite,PAPER_BOT,0x9f250ad26e602f713ac1dd8e2cb98914fc1d008f080acad56930fe86abe0c75a,wta-anisimo-pegula-2026-08-21,TENNIS_WTA_MONEYLINE,BUY,1787250578.479,0.65331,14.92,22.83755032067472,0.0,LOSS,-14.92,0x7414f47e227846765c8abb1048606003a57072a3,Hold-to-Resolution
PAPER_cmt1vi4wi1qutu2gwm3kqurnc,polymarket-bot.sqlite,PAPER_BOT,0xf6ce03106f2b33dc26f03ab8019490f29e5fe515847aca2304f325acb0e201d1,mlb-oak-kc-2026-08-20,BASEBALL_MONEYLINE,BUY,1787251678.274,0.71139,13.23,18.59739383460549,0.0,WIN,5.37,0x161a7f666ca49d592848cf415b42f49a84714103,Hold-to-Resolution
PAPER_cmt29line2g9zu2gwzsa5zyh2,polymarket-bot.sqlite,PAPER_BOT,0xb141f64f46c06ce761ee679161fb4535e03e7399896033866e0ef23eecf67853,mlb-stl-phi-2026-08-21,BASEBALL_MONEYLINE,BUY,1787275350.686,0.6991015556481234,12.79,18.294909940720473,0.0,WIN,5.5,0x27f738fe203827445690339104aae35b20bc44b0,Hold-to-Resolution
PAPER_cmt429tss12s2qeh5z7geakf1,polymarket-bot.sqlite,PAPER_BOT,0x9601280c3d5109783ba64644da25bdfdf120ce516a696f88a42f54ffd2ac761b,us-x-iran-ceasefire-continues-through-september-30,OTHER_MISCELLANEOUS,BUY,1787383980.304,0.65,12.53,19.276923076923076,0.0,LOSS,-12.53,0x30c16e063c3be66d93acf14c06e2741e348f9f91,Hold-to-Resolution
PAPER_cmt4tfppg2gioqeh5va53ioly,polymarket-bot.sqlite,PAPER_BOT,0x95959560144520f539cadad1509aaa3fc47e95aaeb1ade1849987ad5f1f6b58f,wta-pegula-swiatek-2026-08-22,TENNIS_WTA_MONEYLINE,BUY,1787429604.568,0.70176,14.81,21.10408116735066,0.0,LOSS,-14.81,0x8718865882e085b764825b637788043c16185040,Hold-to-Resolution
PAPER_cmt51gty12ulyqeh5vi1iumnl,polymarket-bot.sqlite,PAPER_BOT,0xc6d59b7dbd2f3a053e2304886660b8bf76b8ee2b59adf7bc597d45831bf6cbc5,mlb-chc-sea-2026-08-22,BASEBALL_MONEYLINE,BUY,1787443093.644,0.73059,20.0,27.375135164729876,0.0,WIN,7.38,0x224a89dbe0db0d6124b335edabd15b3f877da3d5,Hold-to-Resolution
PAPER_cmt52u1ja2x34qeh5kvaih4pr,polymarket-bot.sqlite,PAPER_BOT,0x9530048cc1ed8802cc38a04c37ebc87e33a086f1b291d7d11498cef77e38f99b,mls-vwh-dal-2026-08-22-vwh,SOCCER_3WAY_BACK_YES,BUY,1787445389.626,0.721,12.79,17.739251040221912,0.0,WIN,4.95,0x27f738fe203827445690339104aae35b20bc44b0,Hold-to-Resolution
PAPER_cmt5u40ji4co9qeh56ecxbinl,polymarket-bot.sqlite,PAPER_BOT,0x518fba0c0591ab78db25ed846a76f700e1702115c0784df4be276af87d8f32e1,wta-bondar-liang-2026-08-23,TENNIS_WTA_MONEYLINE,BUY,1787491204.531,0.7401599999999999,15.25,20.603653264159103,0.0,WIN,5.35,0x6d3c5bd13984b2de47c3a88ddc455309aab3d294,Hold-to-Resolution
PAPER_cmt696ycg026xqeyb7j24806d,polymarket-bot.sqlite,PAPER_BOT,0xba381fae42cdfbdadd0485e82f06c1e1ca29834ef3096059a09b3d0260a4a8b3,atp-fils-tiafoe-2026-08-23,TENNIS_ATP_MONEYLINE,BUY,1787516535.887,0.68244,14.13,20.705116933356777,0.0,WIN,6.58,0xa9c4b118095a4f67ba9ba461aadf6a9cfe5e7433,Hold-to-Resolution
PAPER_cmt70rlq8193xqe2u76wsho4u,polymarket-bot.sqlite,PAPER_BOT,0x96abf51b6d57d5055d66fe25596d9f9dc050d4b861ad47a09761452e5cc6875f,atp-bolt-ruiz-2026-08-25,TENNIS_ATP_MONEYLINE,BUY,1787562848.944,0.66304,12.91,19.470921814671815,0.0,WIN,6.56,0xb8e32d575b8d360f90bcc95596e9a0bee444aaf2,Hold-to-Resolution
PAPER_cmt79fmbr06vjqeyp6j2g0js1,polymarket-bot.sqlite,PAPER_BOT,0xffce8ed60d88e144e457f87eeac58639d8aa4e10cbd563fb2ac60b8c5126ac8f,atp-nedic-estevez-2026-08-24,TENNIS_ATP_MONEYLINE,BUY,1787577406.391,0.6408823160614482,14.71,22.95273193119218,0.0,WIN,8.24,0xec981ed70ae69c5cbcac08c1ba063e734f6bafcd,Hold-to-Resolution
PAPER_cmt7e0run0egaqeypiygigvl2,polymarket-bot.sqlite,PAPER_BOT,0x347dd39693f154644d9e1496d4ea70c20d3e39cce7bcb2d4ca743c15ccb9cdd5,epl-ful-che-2026-08-24-spread-away-1pt5,SOCCER_2WAY_DERIVATIVES,BUY,1787585111.795,0.74971,13.56,18.086993637539848,0.0,WIN,4.53,0x7ea571c40408f340c1c8fc8eaacebab53c1bde7b,Hold-to-Resolution
PAPER_cmt7oyeqv02a3qep6e20gxjpi,polymarket-bot.sqlite,PAPER_BOT,0xe3a5c6a4d8057b7d8a14d3091183aab4ee27b232f21c603a9574b81898b46094,atp-bu-noguchi-2026-08-25,TENNIS_ATP_MONEYLINE,BUY,1787603477.282,0.74971,14.8,19.740966507049393,0.0,WIN,4.94,0xb8e32d575b8d360f90bcc95596e9a0bee444aaf2,Hold-to-Resolution
PAPER_cmt8qn3r2045rqery3f28qmae,polymarket-bot.sqlite,PAPER_BOT,0x35733516a0ee64ebf3302cf376757c1c12eb49f264c668e36e6ec57f2d933d7d,wnba-chi-conn-2026-08-25,OTHER_MISCELLANEOUS,BUY,1787666775.224,0.721,13.05,18.0998613037448,0.0,LOSS,-13.05,0xf0de06dad6368098c6aff79105ff275720788048,Hold-to-Resolution
PAPER_cmt92fk8k0b9jqet4auprplq9,polymarket-bot.sqlite,PAPER_BOT,0xa8a36ce5685a62d988ab59e8c1dac618c0079498f38a35371de95bba287a156d,lol-shft-th-2026-08-28,ESPORTS_LEAGUE_OF_LEGENDS,BUY,1787686578.735,0.6727500000000001,13.74,20.423634336677814,0.0,LOSS,-13.74,0x7e5e420a5cde8a322f3b5b93a12a164827f47315,Hold-to-Resolution
PAPER_cmt977x3p0j2qqet4fw5p2e83,polymarket-bot.sqlite,PAPER_BOT,0x5c1a49cba3bdf71200f8e113a7d50014de797df25760b08e430eb25d66747c1d,atp-collign-hijikat-2026-08-25,TENNIS_ATP_MONEYLINE,BUY,1787694620.24,0.67275,14.6,21.701969528056484,0.0,LOSS,-14.6,0x7523cafcee7bcf2db9a79d80e0d79b88a9a54c4c,Hold-to-Resolution
PAPER_cmt9t6lcl04jxqe0unn8xprfh,polymarket-bot.sqlite,PAPER_BOT,0x9c53ba523413cc5f1e9d635f66e92e2e5841baa34ecd4269e372b2adb963775b,ucl-cel1-sba-2026-08-26-sba,SOCCER_3WAY_BACK_YES,BUY,1787731509.903,0.721,13.05,18.0998613037448,0.0,WIN,5.05,0x6d3c5bd13984b2de47c3a88ddc455309aab3d294,Hold-to-Resolution
PAPER_cmta6ia6k0bbfqeojjfsnav5e,polymarket-bot.sqlite,PAPER_BOT,0x8be360b0463ec8f8ae38aaad8b082d3575af540357b1fd370d84456f40ff7fb8,atp-mena-wehnelt-2026-08-26,TENNIS_ATP_MONEYLINE,BUY,1787753890.311,0.6507719892419563,20.0,30.732730250570174,0.0,WIN,10.73,0x1b47e9b128e6b671edebfb2cac23dd3efc40d814,Hold-to-Resolution
PAPER_cmta76f110bohqeojpe2kzcyf,polymarket-bot.sqlite,PAPER_BOT,0x1fceb7b49ecbf339e3a3c85b168d4e666e0c689dc7864b19804b29d462def230,atp-gaubas-cecchin-2026-08-26,TENNIS_ATP_MONEYLINE,BUY,1787755016.336,0.70176,14.07,20.049589603283174,0.0,WIN,5.98,0x6d3c5bd13984b2de47c3a88ddc455309aab3d294,Hold-to-Resolution
PAPER_cmtadv0xz0nmmqeoj042su8gd,polymarket-bot.sqlite,PAPER_BOT,0xbeba06876eb8b74cf754c2ae4efcb31d9b6863a043b1d47cc6794cd7b61d5523,atp-virtane-jones-2026-08-26,TENNIS_ATP_MONEYLINE,BUY,1787766242.178,0.7017600000000002,20.0,28.499772001823978,0.0,LOSS,-20.0,0x1b47e9b128e6b671edebfb2cac23dd3efc40d814,Hold-to-Resolution
PAPER_cmtbbi7l82eiwqeojvdu5i6fk,polymarket-bot.sqlite,PAPER_BOT,3142979,will-luke-herdegen-win-the-2026-secret-harbour-state-by-election-20260727232510802,POLITICS_AND_MACRO,BUY,1787822751.212,0.75924,10.0,13.17106580264475,0.0,LOSS,-10.0,STRATEGY:political_favorites,Hold-to-Resolution
PAPER_cmtdhs3js6hd4qeoj2e17i5kh,polymarket-bot.sqlite,PAPER_BOT,0x5c9dd539547573e1ce28942052dea637a298151296388d1810698c25d9481af1,mex-nec-caz-2026-08-28-total-3pt5,SOCCER_HIGH_TAIL_TOTALS,BUY,1787954222.579,0.69211,12.79,18.479721431564347,0.0,LOSS,-12.79,0x547f2917d51f2e63ab382dcf641d4e0240162937,Hold-to-Resolution
PAPER_cmteefuar88zzqeojnwxma54a,polymarket-bot.sqlite,PAPER_BOT,0xf974758d18f78269734f65f17beaa155a3b7fb96e568adf4a861be14820a4bc8,epl-che-bri-2026-08-30-team-total-away-1pt5,SOCCER_3WAY_BACK_YES,BUY,1788009078.044,0.7210000000000001,12.5,17.337031900138694,0.0,LOSS,-12.5,0xc29198ad764bd6adaf7bb971a3757a689ece5d74,Hold-to-Resolution
PAPER_cmtes94gh90vbqeoj12xdp4di,polymarket-bot.sqlite,PAPER_BOT,0x1d1c2b5505c929f4ee5689f33fc45e1c2c186d6c49fe42140248e6ce95219078,mlb-pit-stl-2026-08-29,BASEBALL_MONEYLINE,BUY,1788032279.244,0.73059,20.0,27.375135164729876,0.0,WIN,7.38,0x4f29e103339919c4baaea2a60195cf1c8bb27a7e,Hold-to-Resolution
PAPER_cmtffjnyza9s7qeojzxn9a7xq,polymarket-bot.sqlite,PAPER_BOT,0x2edb3bb37ea0efa47dcd342c6dba9600382672bfbaa96a7391154a1dc21610e7,atp-park-isomura-2026-08-30,TENNIS_ATP_MONEYLINE,BUY,1788071402.261,0.64356,13.61,21.147989309466094,0.0,WIN,7.54,0x1610db79f753a80207e1d66716be9e91e627ae49,Hold-to-Resolution
PAPER_cmtfskkrzaz72qeoj5rla6ges,polymarket-bot.sqlite,PAPER_BOT,0xd0a4f942ec9f32835504186bcaaf3aae835974283e8e8ee796aa8228025d5a6c,atp-lehecka-busta-2026-08-30-set-handicap-home-1pt5,TENNIS_SPREADS_HANDICAPS,BUY,1788093279.784,0.64356,13.42,20.85275654173659,0.0,WIN,7.43,0xbfdd2fb3f69cd098b395eb7390fe973a2158e70e,Hold-to-Resolution
