id,wallet,slug,category,side,entryPrice,cashSize,status,dbPnl,verifyPnl,won,isStopLoss,openedAt,closedAt,day
cmrv0ew4s00xeu2as1ggdz2xj,STRATEGY:political_favorites,"will-there-be-no-change-in-fed-interest-rates-after-the-july-2026-meeting",macro,BUY,0.8135,10.00,resolved,2.2900,2.2926,true,false,2026-07-21T18:51:19.467Z,2026-07-29T20:20:18.263Z,2026-07-21
cmrv0ew5r00xgu2asfntzunsd,STRATEGY:political_favorites,"will-the-fed-increase-interest-rates-by-25-bps-after-the-july-2026-meeting",macro,BUY,0.8315,10.00,resolved,2.0300,2.0265,true,false,2026-07-21T18:51:19.502Z,2026-07-29T20:20:18.614Z,2026-07-21
cmrv0ew6q00xiu2asiqw8n8fk,STRATEGY:political_favorites,"will-the-fed-pausepausepause-in-the-next-three-decisions-aprjunjul",macro,BUY,0.7830,10.00,resolved,2.7700,2.7714,true,false,2026-07-21T18:51:19.537Z,2026-07-29T22:17:22.297Z,2026-07-21
cmrv0ew7q00xku2as1vvj1ikz,STRATEGY:political_favorites,"will-united-russia-er-gain-the-most-seats-in-the-next-russian-parliamentary-election",politics,BUY,0.5650,10.00,open,0.4400,0.0000,,false,2026-07-21T18:51:19.573Z,,2026-07-21
cmrv0ew8r00xmu2as9hp0zzlx,STRATEGY:political_favorites,"will-person-f-be-the-new-republican-nominee-for-senate-in-south-carolina-20260712140628838",politics,BUY,0.8105,10.00,open,-3.2200,0.0000,,false,2026-07-21T18:51:19.610Z,,2026-07-21
cmrv1i8br00ruu2bw1iqgnbrj,STRATEGY:political_favorites,"will-abdul-el-sayed-win-the-2026-michigan-democratic-primary",politics,BUY,0.8350,10.00,open,1.0600,0.0000,,false,2026-07-21T19:21:54.854Z,,2026-07-21
cmrv1i8cr00rwu2bwpfd29pcg,STRATEGY:political_favorites,"will-haley-stevens-win-the-2026-michigan-democratic-primary",politics,BUY,0.8335,10.00,open,1.1600,0.0000,,false,2026-07-21T19:21:54.889Z,,2026-07-21
cmrv6gzkv04usu2bkpoh1odgk,0x076daa87c4fe1a85402a9b6b8e0a866224388d4c,"atp-tomic-boyer-2026-07-20",other,BUY,0.6425,14.00,resolved,7.7900,7.7899,true,false,2026-07-21T21:40:54.942Z,2026-07-27T21:30:09.073Z,2026-07-21
cmrvc1ksm0cy8u2bkq1u778um,STRATEGY:political_favorites,"will-flvio-bolsonaro-win-the-2026-brazilian-presidential-election",politics,BUY,0.7583,10.00,open,-0.2200,0.0000,,false,2026-07-22T00:16:53.638Z,,2026-07-22
cmrvcljwo0dquu2bkgkp28vbv,0x076daa87c4fe1a85402a9b6b8e0a866224388d4c,"atp-mochizu-sekulic-2026-07-20",other,BUY,0.7095,14.90,resolved,6.1000,6.1007,true,false,2026-07-22T00:32:25.606Z,2026-07-27T21:30:09.514Z,2026-07-22
cmrveuqun0gz2u2bkoetuc2ly,0xfe787d2da716d60e8acff57fb87eb13cd4d10319,"mlb-lad-phi-2026-07-21",sports,BUY,0.6150,13.40,resolved,8.3900,8.3886,true,false,2026-07-22T01:35:33.742Z,2026-07-27T21:30:09.898Z,2026-07-22
cmrvffbee0hviu2bkmx9zi9dm,0x4f29e103339919c4baaea2a60195cf1c8bb27a7e,"mlb-sf-kc-2026-07-21",sports,BUY,0.7650,16.70,resolved,5.1300,5.1301,true,false,2026-07-22T01:51:33.492Z,2026-07-27T21:30:10.294Z,2026-07-22
cmrvffbsj0hy6u2bkb2bqmnhp,0x4f29e103339919c4baaea2a60195cf1c8bb27a7e,"mlb-wsh-col-2026-07-21",sports,BUY,0.6250,14.90,resolved,8.9400,8.9400,true,false,2026-07-22T01:51:34.002Z,2026-07-27T21:30:10.701Z,2026-07-22
cmrvffc0i0hzqu2bk80tz6es8,0x4f29e103339919c4baaea2a60195cf1c8bb27a7e,"mlb-lad-phi-2026-07-21",sports,BUY,0.7450,16.85,resolved,5.7700,5.7674,true,false,2026-07-22T01:51:34.289Z,2026-07-27T21:30:09.918Z,2026-07-22
cmrvffc3z0i0cu2bkw7fp6hap,0x5268527977f700f9bf9b6d5cd843859e4e70135d,"mlb-wsh-col-2026-07-21",sports,BUY,0.6250,13.70,resolved,8.2200,8.2200,true,false,2026-07-22T01:51:34.414Z,2026-07-27T21:30:10.720Z,2026-07-22
cmrvpixvm02dbu2xog01crmt3,0x076daa87c4fe1a85402a9b6b8e0a866224388d4c,"atp-kym-henning-2026-07-22",other,BUY,0.8134,15.65,resolved,-15.6500,-15.6500,false,false,2026-07-22T06:34:18.752Z,2026-07-27T21:30:11.146Z,2026-07-22
cmrvtb1e5040gu2vkk9rdd1hn,0xa804390f80019699ab34a282c0df7528fba82a75,"atp-struff-navone-2026-07-22",other,BUY,0.6921,13.93,resolved,6.2000,6.1969,true,false,2026-07-22T08:20:08.508Z,2026-07-27T21:30:11.541Z,2026-07-22
cmrvv1c1106gsu2vk6kg5qase,0x076daa87c4fe1a85402a9b6b8e0a866224388d4c,"atp-feldbau-buse-2026-07-22",other,BUY,0.6921,20.00,resolved,8.9000,8.8971,true,false,2026-07-22T09:08:34.966Z,2026-07-27T21:30:11.947Z,2026-07-22
cmrvw6m310848u2vk2rgiv5ne,0x076daa87c4fe1a85402a9b6b8e0a866224388d4c,"itf-petre-andrees-2026-07-22",other,BUY,0.7688,20.00,resolved,6.0200,6.0163,true,false,2026-07-22T09:40:40.898Z,2026-07-27T21:30:12.335Z,2026-07-22
cmrvw6m6s084cu2vk8u06vjm5,0x5268527977f700f9bf9b6d5cd843859e4e70135d,"atp-halys-vachero-2026-07-22",other,BUY,0.6436,14.74,resolved,8.1600,8.1638,true,false,2026-07-22T09:40:41.033Z,2026-07-27T21:30:12.738Z,2026-07-22
cmrvwr95k08yeu2vkh91tqxyt,0x4f29e103339919c4baaea2a60195cf1c8bb27a7e,"wta-waltert-sherif-2026-07-21",other,BUY,0.7497,20.00,closed,-12.3000,-20.0000,false,true,2026-07-22T09:56:43.918Z,2026-07-22T10:14:05.288Z,2026-07-22
cmrvwr98z08you2vkd5fvzaiu,0x076daa87c4fe1a85402a9b6b8e0a866224388d4c,"itf-pohle-maquet-2026-07-22",other,BUY,0.7402,20.00,resolved,7.0200,7.0212,true,false,2026-07-22T09:56:44.043Z,2026-07-27T21:30:13.173Z,2026-07-22
cmrvxdc3301kqu2ns33wvp149,0x5268527977f700f9bf9b6d5cd843859e4e70135d,"atp-santill-alkaya-2026-07-22",other,BUY,0.6882,14.69,resolved,6.6500,6.6542,true,false,2026-07-22T10:13:54.142Z,2026-07-27T21:30:13.528Z,2026-07-22
cmrw2lwii0998u2nsbctt2dgx,0x5268527977f700f9bf9b6d5cd843859e4e70135d,"atp-feldbau-buse-2026-07-22",other,BUY,0.6098,20.00,closed,-15.0400,-20.0000,false,true,2026-07-22T12:40:31.935Z,2026-07-22T13:29:34.061Z,2026-07-22
cmrw36tox0a3mu2nssy8x3b1n,0x5268527977f700f9bf9b6d5cd843859e4e70135d,"atp-piros-rehberg-2026-07-22",other,BUY,0.7782,20.00,resolved,5.7000,5.6990,true,false,2026-07-22T12:56:48.064Z,2026-07-27T21:30:13.944Z,2026-07-22
cmrw799950g2cu2nsbcrzkhbp,0x5268527977f700f9bf9b6d5cd843859e4e70135d,"atp-borges-burruch-2026-07-22",other,BUY,0.6231,20.00,resolved,12.1000,12.0978,true,false,2026-07-22T14:50:40.000Z,2026-07-27T21:30:14.633Z,2026-07-22
cmrw8fhbc0hrou2nsidhpl6zl,0x5268527977f700f9bf9b6d5cd843859e4e70135d,"mlb-oak-ari-2026-07-22-spread-home-2pt5",sports,BUY,0.7688,20.00,closed,-15.4600,-20.0000,false,true,2026-07-22T15:23:30.004Z,2026-07-22T21:17:13.853Z,2026-07-22
cmrw8fhow0hsyu2nsfy79o07a,0x5268527977f700f9bf9b6d5cd843859e4e70135d,"mlb-sf-kc-2026-07-22-spread-home-1pt5",sports,BUY,0.7306,20.00,closed,-14.9600,-20.0000,false,true,2026-07-22T15:23:30.500Z,2026-07-22T20:11:19.498Z,2026-07-22
cmrw8fja60ht4u2nsq82jq3m9,STRATEGY:political_favorites,"will-trump-meet-with-giorgia-meloni-in-july-2026-20260626153701912",politics,BUY,0.8100,10.00,resolved,2.3500,2.3457,true,false,2026-07-22T15:23:32.575Z,2026-07-27T21:30:15.675Z,2026-07-22
cmrw90i6d0iniu2nsqhy5fua4,0x5268527977f700f9bf9b6d5cd843859e4e70135d,"mlb-nym-mil-2026-07-22-total-9pt5",sports,BUY,0.7114,20.00,resolved,8.1100,8.1140,true,false,2026-07-22T15:39:50.886Z,2026-07-27T21:30:16.489Z,2026-07-22
cmrwbx74i0mswu2nsjuz6mvls,0x2c335066fe58fe9237c3d3dc7b275c2a034a0563,"atp-tabilo-torre-2026-07-22",other,BUY,0.6921,16.17,resolved,-16.1700,-16.1700,false,false,2026-07-22T17:01:15.448Z,2026-07-27T21:30:17.688Z,2026-07-22
cmrwln9ka0ensu2dsx4dkbytt,0x5268527977f700f9bf9b6d5cd843859e4e70135d,"mlb-tb-tor-2026-07-22-total-9pt5",sports,BUY,0.6824,20.00,resolved,9.3100,9.3066,true,false,2026-07-22T21:33:28.213Z,2026-07-27T21:30:18.486Z,2026-07-22
cmrwln9ow0eo4u2ds5ct2ko4b,0x5268527977f700f9bf9b6d5cd843859e4e70135d,"mlb-tb-tor-2026-07-22-spread-home-2pt5",sports,BUY,0.7972,20.00,resolved,5.0900,5.0891,true,false,2026-07-22T21:33:28.379Z,2026-07-27T21:30:18.905Z,2026-07-22
cmrws5acn0o1qu2dshmw6lb62,0x09933d426d714890588f597eac833dbd947e525f,"mlb-sd-atl-2026-07-22",sports,BUY,0.6727,13.18,resolved,6.4100,6.4112,true,false,2026-07-23T00:35:26.741Z,2026-07-27T21:30:19.198Z,2026-07-23
cmrxlbj141slou2ds5wlwz49q,STRATEGY:political_favorites,"will-afd-win-the-most-seats-in-the-2026-berlin-state-elections",politics,BUY,0.8273,10.00,open,-0.2700,0.0000,,false,2026-07-23T14:12:06.809Z,,2026-07-23
cmrxxd8pz29jcu2ds2tsv6wdb,STRATEGY:political_favorites,"will-trump-meet-with-netanyahu-by-july-31-2026",politics,BUY,0.7327,10.00,closed,-9.0400,-10.0000,false,true,2026-07-23T19:49:22.152Z,2026-07-24T14:27:35.225Z,2026-07-23
cmrxz6cxg2c3eu2dsqoz73lxj,STRATEGY:political_favorites,"will-trump-meet-with-benjamin-netanyahu-in-july-2026-20260626153701914",politics,BUY,0.6940,10.00,closed,-8.7000,-10.0000,false,true,2026-07-23T20:40:00.244Z,2026-07-24T14:27:35.356Z,2026-07-23
cmrz34w9w3th7u2dsxlxhx3hd,STRATEGY:political_favorites,"will-new-people-nl-gain-the-most-seats-in-the-next-russian-parliamentary-election",politics,BUY,0.6600,10.00,open,0.0700,0.0000,,false,2026-07-24T15:18:36.645Z,,2026-07-24
cmrzs57iy4shfu2dsxleosleo,0x31a1a31f4c031e35f88762df68b626b2e6be1227,"mlb-laa-sf-2026-07-24",sports,BUY,0.7306,12.92,resolved,4.7600,4.7643,true,false,2026-07-25T02:58:41.606Z,2026-07-27T21:30:19.699Z,2026-07-25
cmrzzhovy52enu2dswdmlqpt2,0x076daa87c4fe1a85402a9b6b8e0a866224388d4c,"atp-dedurap-onclin-2026-07-25",other,BUY,0.6533,20.00,resolved,10.6100,10.6133,true,false,2026-07-25T06:24:21.286Z,2026-07-27T21:30:20.104Z,2026-07-25
cms0dng1h5lnru2dsqfscv6n7,0xa71093cafc0c099b4ccab24c3cb8018d817923c4,"ufc-mik1-nur-2026-07-25-totals-2pt5",sports,BUY,0.6728,12.98,resolved,6.3100,6.3139,true,false,2026-07-25T13:00:44.382Z,2026-07-27T21:30:20.440Z,2026-07-25
cms0g4n4l5p2zu2dswrlnrxar,0xdb859a551fcf56e49416160911476bea7307152f,"ufc-mag11-drzepe-2026-07-25",sports,BUY,0.7402,13.30,resolved,4.6700,4.6691,true,false,2026-07-25T14:10:05.944Z,2026-07-27T21:30:20.749Z,2026-07-25
cms0g4nck5p3tu2dsinnops01,0xdb859a551fcf56e49416160911476bea7307152f,"wta-sherif-korpats-2026-07-25",other,BUY,0.6338,13.30,closed,-8.8000,-13.3000,false,true,2026-07-25T14:10:06.228Z,2026-07-25T16:11:59.475Z,2026-07-25
cms0gr3mb5q0vu2ds0vh8zwvc,0x16bb9951a36fce71e2ef57890b786145e0ba8492,"mlb-col-mil-2026-07-25",sports,BUY,0.7018,13.11,resolved,5.5700,5.5716,true,false,2026-07-25T14:27:33.755Z,2026-07-27T21:30:21.041Z,2026-07-25
cms0y6cnx6el9u2dshn1om9kv,0x88c4919de76e526d55a32c1f8afb439dd1f1129a,"us-x-iran-effective-ceasfire-by-august-31-20260715194822047",other,BUY,0.6700,12.37,open,-2.4000,0.0000,,false,2026-07-25T22:35:18.786Z,,2026-07-25
cms0zf3m66gelu2dso20jvbiv,0x88c4919de76e526d55a32c1f8afb439dd1f1129a,"israel-closes-its-airspace-by-august-15",other,BUY,0.7600,14.50,open,1.3400,0.0000,,false,2026-07-25T23:10:06.587Z,,2026-07-25
cms1aoadz6wcpu2dsur7j88fb,0x558f2f82cf0394c28ce3c8e117ee747aeab51a56,"f1-hungarian-grand-prix-winner-leclerc-2026-07-26",sports,BUY,0.7306,13.30,resolved,4.9000,4.9045,true,false,2026-07-26T04:25:11.044Z,2026-07-27T21:30:21.610Z,2026-07-26
cms1pon5h7gafu2dsrzipwltq,0x558f2f82cf0394c28ce3c8e117ee747aeab51a56,"will-lamine-yamal-win-the-2026-ballon-dor",other,BUY,0.7640,14.01,open,-0.3300,0.0000,,false,2026-07-26T11:25:21.826Z,,2026-07-26
cms1rkjne7iwlu2dsuzbr5sqj,STRATEGY:political_favorites,"will-ph-win-the-2026-negeri-sembilan-general-elections-20260720213330401",politics,BUY,0.6921,10.00,open,0.5700,0.0000,,false,2026-07-26T12:18:09.914Z,,2026-07-26
cms1su3my7kl9u2ds2aa6bave,0x558f2f82cf0394c28ce3c8e117ee747aeab51a56,"f1-hungarian-grand-prix-winner-norris-2026-07-26",sports,BUY,0.7306,14.27,closed,-12.0100,-14.2700,false,true,2026-07-26T12:53:35.306Z,2026-07-26T14:04:26.680Z,2026-07-26
cms1u3aom7mehu2dslyp3vbz4,STRATEGY:political_favorites,"will-bn-win-the-2026-negeri-sembilan-general-elections-20260720213330400",politics,BUY,0.7018,10.00,open,0.4200,0.0000,,false,2026-07-26T13:28:43.990Z,,2026-07-26
cms1yi41c7si1u2dsnaxmfv32,0x076daa87c4fe1a85402a9b6b8e0a866224388d4c,"wta-hunter-johnson-2026-07-26",other,BUY,0.6728,20.00,closed,-10.5600,-20.0000,false,true,2026-07-26T15:32:13.660Z,2026-07-26T17:00:46.602Z,2026-07-26
cms2808qf85u3u2dsb98rqrlk,0x076daa87c4fe1a85402a9b6b8e0a866224388d4c,"atp-boyer-tomic-2026-07-26",other,BUY,0.6728,20.00,open,-5.8800,0.0000,,false,2026-07-26T19:58:15.941Z,,2026-07-26
cms2vbh2k91hlu2dsfq36fh02,STRATEGY:political_favorites,"will-loranne-ausley-win-the-tallahassee-mayoral-election-20260602161659079",politics,BUY,0.6957,10.00,open,-3.4600,0.0000,,false,2026-07-27T06:50:51.308Z,,2026-07-27
cms34twwl9dw9u2ds0ey43krl,STRATEGY:political_favorites,"will-james-martin-be-the-fl-21-democratic-nominee-20260724185824810",politics,BUY,0.7782,10.00,open,-5.1700,0.0000,,false,2026-07-27T11:17:08.181Z,,2026-07-27
cms3q8bel00x6u2247bwtwenu,0x076daa87c4fe1a85402a9b6b8e0a866224388d4c,"atp-nishiko-shang-2026-07-27",other,BUY,0.6240,20.00,closed,-15.0000,-20.0000,false,true,2026-07-27T21:16:12.074Z,2026-07-27T23:09:33.007Z,2026-07-27
cms3tydnf02qnu2ngw1jr36vz,STRATEGY:political_favorites,"will-trump-and-netanyahu-hug-on-tuesday-20260724181151719",politics,BUY,0.7000,10.00,open,3.7300,0.0000,,false,2026-07-27T23:00:26.908Z,,2026-07-27
cms3tydr902qpu2ng4eo6o3mk,STRATEGY:political_favorites,"will-count-binface-get-second-place-in-the-clacton-by-election-copy-20260707214646969",politics,BUY,0.8066,10.00,open,-0.5400,0.0000,,false,2026-07-27T23:00:27.045Z,,2026-07-27
cms3v8vi702ymu2ngsxvjulaw,0x5268527977f700f9bf9b6d5cd843859e4e70135d,"wta-gibson-maria-2026-07-26",other,BUY,0.7972,20.00,resolved,5.0900,5.0891,true,false,2026-07-27T23:36:36.196Z,2026-07-28T00:25:33.340Z,2026-07-27
cms3v8vq002zku2ngfupatm2w,0x5268527977f700f9bf9b6d5cd843859e4e70135d,"wta-samsono-keys-2026-07-27",other,BUY,0.7688,20.00,closed,-13.9800,-20.0000,false,true,2026-07-27T23:36:36.474Z,2026-07-28T00:25:31.473Z,2026-07-27
cms3z0brx05zlu2ngw2gr4twc,0x5268527977f700f9bf9b6d5cd843859e4e70135d,"atp-hernand-tomic-2026-07-27",other,BUY,0.7254,20.00,resolved,7.5700,7.5720,true,false,2026-07-28T01:21:55.851Z,2026-07-28T03:07:35.350Z,2026-07-28
cms4019j6072ju2ngdye4cxpn,0x5268527977f700f9bf9b6d5cd843859e4e70135d,"mlb-phi-mia-2026-07-28-spread-away-2pt5",sports,BUY,0.7592,20.00,resolved,6.3400,6.3421,true,false,2026-07-28T01:50:39.216Z,2026-07-29T01:23:37.914Z,2026-07-28
cms40p3f5077fu2nge2qp7v52,0x5268527977f700f9bf9b6d5cd843859e4e70135d,"mlb-kc-min-2026-07-28-spread-away-1pt5",sports,BUY,0.7210,20.00,resolved,7.7400,7.7393,true,false,2026-07-28T02:09:11.026Z,2026-07-29T02:47:08.816Z,2026-07-28
cms41esg90893u2ngz0bb4tao,0x2005d16a84ceefa912d4e380cd32e7ff827875ea,"itf-taguchi-sumizaw-2026-07-28",other,BUY,0.7018,17.15,resolved,7.2900,7.2886,true,false,2026-07-28T02:29:09.877Z,2026-07-28T04:15:08.135Z,2026-07-28
cms41eskj089du2ngib01870d,0x2005d16a84ceefa912d4e380cd32e7ff827875ea,"mlb-hou-laa-2026-07-27",sports,BUY,0.7688,14.01,closed,-12.0200,-14.0100,false,true,2026-07-28T02:29:10.031Z,2026-07-28T04:42:50.547Z,2026-07-28
cms41qdey08bxu2ng9uql95ss,0x5268527977f700f9bf9b6d5cd843859e4e70135d,"mlb-bal-det-2026-07-28-spread-home-2pt5",sports,BUY,0.7402,20.00,resolved,-20.0000,-20.0000,false,false,2026-07-28T02:38:10.269Z,2026-07-29T01:40:55.959Z,2026-07-28
cms4341lx09hsu2ngcjwyue0m,0xf0ca28d5b0141f0a8e7b251dea80fd881cb166ed,"will-apple-be-the-largest-company-in-the-world-by-market-cap-on-july-31-20260624192329843",other,BUY,0.7972,14.82,open,0.0900,0.0000,,false,2026-07-28T03:16:47.758Z,,2026-07-28
cms445ivb0aguu2ngmhnomyzv,0x31a1a31f4c031e35f88762df68b626b2e6be1227,"crint-lka3-pak3-2026-07-28",other,BUY,0.6436,13.30,resolved,7.3700,7.3663,true,false,2026-07-28T03:45:56.398Z,2026-07-28T13:35:50.780Z,2026-07-28
cms4ucjym01o3u2jkgkhcwawd,0x5268527977f700f9bf9b6d5cd843859e4e70135d,"wta-bucsa-kuderme-2026-07-28",other,BUY,0.7402,20.00,resolved,-20.0000,-20.0000,false,false,2026-07-28T15:59:14.432Z,2026-07-28T19:34:20.873Z,2026-07-28
cms4uck2x01o7u2jkhrk7aehh,0x5268527977f700f9bf9b6d5cd843859e4e70135d,"atp-gentzsc-silv-2026-07-27",other,BUY,0.7018,20.00,resolved,8.5000,8.4998,true,false,2026-07-28T15:59:14.583Z,2026-07-28T19:47:24.292Z,2026-07-28
cms4uck7r01ohu2jkvvx2je71,0x5268527977f700f9bf9b6d5cd843859e4e70135d,"mlb-cle-cin-2026-07-28-spread-home-1pt5",sports,BUY,0.7210,20.00,resolved,-20.0000,-20.0000,false,false,2026-07-28T15:59:14.754Z,2026-07-29T02:18:37.104Z,2026-07-28
cms4upycc01w7u2f0iwa9v85f,0x5268527977f700f9bf9b6d5cd843859e4e70135d,"mlb-nyy-cws-2026-07-28-spread-away-2pt5",sports,BUY,0.7306,20.00,resolved,7.3800,7.3751,true,false,2026-07-28T16:09:39.581Z,2026-07-29T02:47:09.250Z,2026-07-28
cms4ynear01m5u22467271yt3,0x5268527977f700f9bf9b6d5cd843859e4e70135d,"atp-fils-jodar-2026-07-27",other,BUY,0.6240,14.41,resolved,-14.4100,-14.4100,false,false,2026-07-28T17:59:38.769Z,2026-07-28T20:04:12.273Z,2026-07-28
cms5211tn022xu2asu2zksy9i,0xbd0477e08d82d35a855ff19644a88a9213d8fbb0,"us-x-iran-effective-ceasfire-by-august-14-20260715194822046",other,BUY,0.7000,14.27,open,-4.8900,0.0000,,false,2026-07-28T19:34:14.636Z,,2026-07-28
cms5b7kb50dj4u2asyyvg3mza,0x9f208e85f326f865077fffa68b32d8b0e2bc12c3,"will-philadelphia-phillies-win-the-2026-nl-east-title",other,BUY,0.7972,14.08,open,0.1100,0.0000,,false,2026-07-28T23:51:15.071Z,,2026-07-28
cms5dkthv0g2mu2asftfvjm13,0x224a89dbe0db0d6124b335edabd15b3f877da3d5,"mlb-kc-min-2026-07-28",sports,BUY,0.7114,12.66,resolved,5.1400,5.1361,true,false,2026-07-29T00:57:32.724Z,2026-07-29T02:47:09.799Z,2026-07-29
cms5ikeh80myvu2asqz3x3po4,STRATEGY:political_favorites,"will-count-binface-win-less-than-10-of-votes-in-the-clacton-parliamentary-by-election-20260708142507719",politics,BUY,0.8066,10.00,open,-0.6700,0.0000,,false,2026-07-29T03:17:11.372Z,,2026-07-29
cms5jg8310n9ku2asmradg236,0x090af6fd2aeb04202abc97370aa86c1b81d90fa6,"will-the-bank-of-russia-decrease-the-key-rate-after-the-september-meeting-20260623013926067",other,BUY,0.7306,13.30,open,-1.8800,0.0000,,false,2026-07-29T03:41:56.055Z,,2026-07-29
cms5vtuc611jmu2asu3x4qw5p,0x511f9c771449162349795d17becf8b37031acbe1,"will-mouz-win-blast-bounty-2026-season-2-20260709030045122",other,BUY,0.7972,14.23,open,1.3800,0.0000,,false,2026-07-29T09:28:26.821Z,,2026-07-29
cms5ya1wn140su2asiquz76jm,0xb7aba0e44edb6773c3b3a8308aae8a24781fa2d1,"wta-maria-zarazua-2026-07-29",other,BUY,0.6630,13.52,resolved,-13.5200,-13.5200,false,false,2026-07-29T10:37:02.199Z,2026-07-30T02:10:45.735Z,2026-07-29
cms6fhyqj0i6lu2ws78815uhs,0xc5187cb669690150643ba2f9aac6b7d98d212594,"will-there-be-no-change-in-fed-interest-rates-after-the-september-2026-meeting-615",macro,BUY,0.6921,13.11,open,-3.1600,0.0000,,false,2026-07-29T18:39:04.966Z,,2026-07-29
cms6gll820ka6u2ws0uqu417p,STRATEGY:political_favorites,"will-wesley-bell-be-the-democratic-nominee-for-mo-01",politics,BUY,0.6824,10.00,open,-0.6600,0.0000,,false,2026-07-29T19:09:53.715Z,,2026-07-29
cms6h2a0h0kbnu2ws4v14fbvx,0x224a89dbe0db0d6124b335edabd15b3f877da3d5,"mlb-atl-nym-2026-07-29",sports,BUY,0.7497,13.21,resolved,4.4100,4.4101,true,false,2026-07-29T19:22:52.325Z,2026-07-29T20:20:22.269Z,2026-07-29
cms6jlbn60mw2u2wserzxtcua,0xabb89972b21b304c1bed2bf26f35c8741ac9bba3,"mlb-col-sd-2026-07-29",sports,BUY,0.7018,14.23,resolved,6.0500,6.0476,true,false,2026-07-29T20:33:40.083Z,2026-07-29T23:16:37.094Z,2026-07-29
cms6jlca40myyu2wslv6kfg6t,0x9f208e85f326f865077fffa68b32d8b0e2bc12c3,"will-new-people-nl-gain-the-most-seats-in-the-next-russian-parliamentary-election",politics,BUY,0.6560,12.84,open,0.1600,0.0000,,false,2026-07-29T20:33:40.948Z,,2026-07-29
cms6kpqum0p17u2wsyl597gkh,STRATEGY:political_favorites,"will-cori-bush-be-the-democratic-nominee-for-mo-01",politics,BUY,0.6824,10.00,open,-0.8100,0.0000,,false,2026-07-29T21:05:06.094Z,,2026-07-29
cms6lo2p80paiu2wsn4fzbjs9,0x1b47e9b128e6b671edebfb2cac23dd3efc40d814,"mlb-mil-sf-2026-07-29",sports,BUY,0.7210,13.35,resolved,5.1700,5.1660,true,false,2026-07-29T21:31:47.699Z,2026-07-29T23:16:37.515Z,2026-07-29
cms71783e16a0u2wsovmypo14,0xdd5ef115f801999575b03d78d0115ad8b2d59040,"atp-svrcina-darderi-2026-07-30",other,BUY,0.6824,13.81,resolved,-13.8100,-13.8100,false,false,2026-07-30T04:46:35.432Z,2026-07-30T06:15:21.635Z,2026-07-30
cms71d8h517xpu2wsr6qe81jr,STRATEGY:political_favorites,"will-john-braun-earn-the-most-votes-in-the-wa-03-primary-20260706195612135",politics,BUY,0.7402,10.00,open,0.0200,0.0000,,false,2026-07-30T04:51:15.881Z,,2026-07-30
cms7k9h721t3eu2wsupwod67e,STRATEGY:political_favorites,"will-donald-trump-publicly-insult-vladimir-putin-by-july-31-2026-20260626210612715",politics,BUY,0.6984,10.00,open,-0.8600,0.0000,,false,2026-07-30T13:40:13.263Z,,2026-07-30